Dst Port,Flow Duration,Total Fwd Packet,Total Bwd packets,Total Length of Fwd Packet,Total Length of Bwd Packet,Fwd Packet Length Max,Fwd Packet Length Min,Fwd Packet Length Mean,Fwd Packet Length Std,Bwd Packet Length Max,Bwd Packet Length Min,Bwd Packet Length Mean,Bwd Packet Length Std,Flow Bytes/s,Flow Packets/s,Flow IAT Mean,Flow IAT Std,Flow IAT Max,Flow IAT Min,Fwd IAT Total,Fwd IAT Mean,Fwd IAT Std,Fwd IAT Max,Fwd IAT Min,Bwd IAT Total,Bwd IAT Mean,Bwd IAT Std,Bwd IAT Max,Bwd IAT Min,Fwd PSH Flags,Bwd PSH Flags,Fwd URG Flags,Bwd URG Flags,Fwd Header Length,Bwd Header Length,Fwd Packets/s,Bwd Packets/s,Packet Length Min,Packet Length Max,Packet Length Mean,Packet Length Std,Packet Length Variance,FIN Flag Count,SYN Flag Count,RST Flag Count,PSH Flag Count,ACK Flag Count,URG Flag Count,CWR Flag Count,ECE Flag Count,Down/Up Ratio,Average Packet Size,Fwd Segment Size Avg,Bwd Segment Size Avg,Fwd Header Length.1,Fwd Bytes/Bulk Avg,Fwd Packet/Bulk Avg,Fwd Bulk Rate Avg,Bwd Bytes/Bulk Avg,Bwd Packet/Bulk Avg,Bwd Bulk Rate Avg,Subflow Fwd Packets,Subflow Fwd Bytes,Subflow Bwd Packets,Subflow Bwd Bytes,FWD Init Win Bytes,Bwd Init Win Bytes,Fwd Act Data Pkts,Fwd Seg Size Min,Active Mean,Active Std,Active Max,Active Min,Idle Mean,Idle Std,Idle Max,Idle Min,Label
80,1878,3,6,382,11595,382,0,127.3333333,220.5478028,4355,0,1932.5,2182.468304,6377529.286,4792.332268,234.75,229.1298758,577,15,975,487.5,265.1650429,675,300,1780,356.0,399.7880689,950,15,0,0,0,0,104,200,1597.444089,3194.888179,0,4355,1197.7,1886.332364,3558249.789,0,0,0,1,0,0,0,0,2,1330.777778,127.3333333,1932.5,104,0,0,0,0,0,0,3,382,6,11595,29200,235,1,32,0.0,0.0,0,0,0.0,0.0,0,0,DoS Hulk
80,1878,3,6,382,11595,382,0,127.3333333,220.5478028,4355,0,1932.5,2182.468304,6377529.286,4792.332268,234.75,229.1298758,577,15,975,487.5,265.1650429,675,300,1780,356.0,399.7880689,950,15,0,0,0,0,104,200,1597.444089,3194.888179,0,4355,1197.7,1886.332364,3558249.789,0,0,0,1,0,0,0,0,2,1330.777778,127.3333333,1932.5,104,0,0,0,0,0,0,3,382,6,11595,29200,235,1,32,0.0,0.0,0,0,0.0,0.0,0,0,DoS Hulk
80,497,4,0,0,0,0,0,0.0,0.0,0,0,0.0,0.0,0.0,8048.289737999998,165.66666669999995,153.20683190000003,304,1,497,165.66666669999995,153.20683190000003,304,1,0,0.0,0.0,0,0,0,0,0,0,128,0,8048.289737999998,0.0,0,0,0.0,0.0,0.0,0,0,0,0,1,0,0,0,0,0.0,0.0,0.0,128,0,0,0,0,0,0,4,0,0,0,251,-1,0,32,0.0,0.0,0,0,0.0,0.0,0,0,DoS Hulk
80,497,4,0,0,0,0,0,0.0,0.0,0,0,0.0,0.0,0.0,8048.289737999998,165.66666669999995,153.20683190000003,304,1,497,165.66666669999995,153.20683190000003,304,1,0,0.0,0.0,0,0,0,0,0,0,128,0,8048.289737999998,0.0,0,0,0.0,0.0,0.0,0,0,0,0,1,0,0,0,0,0.0,0.0,0.0,128,0,0,0,0,0,0,4,0,0,0,251,-1,0,32,0.0,0.0,0,0,0.0,0.0,0,0,DoS Hulk
80,1893,3,7,348,11595,348,0,116.0,200.9178937,4344,0,1656.428571,1760.597234,6309033.281,5282.62018,210.3333333,237.8592021,769,3,967,483.5,584.7773080000002,897,70,1765,294.1666667,351.9019276,956,3,0,0,0,0,104,232,1584.786054,3697.834126,0,4344,1085.727273,1579.834427,2495876.818,0,0,0,1,0,0,0,0,2,1194.3,116.0,1656.428571,104,0,0,0,0,0,0,3,348,7,11595,29200,235,1,32,0.0,0.0,0,0,0.0,0.0,0,0,DoS Hulk
80,1942,3,6,351,11595,351,0,117.0,202.6499445,5803,0,1932.5,2539.075088,6151390.319,4634.397528,242.75,457.0360255,1348,2,1455,727.5,939.7449122000003,1392,63,1898,379.6,625.9547107999998,1477,2,0,0,0,0,104,200,1544.799176,3089.598352,0,5803,1194.6,2121.17259,4499373.156,0,0,0,1,0,0,0,0,2,1327.333333,117.0,1932.5,104,0,0,0,0,0,0,3,351,6,11595,29200,235,1,32,0.0,0.0,0,0,0.0,0.0,0,0,DoS Hulk
80,1942,3,6,351,11595,351,0,117.0,202.6499445,5803,0,1932.5,2539.075088,6151390.319,4634.397528,242.75,457.0360255,1348,2,1455,727.5,939.7449122000003,1392,63,1898,379.6,625.9547107999998,1477,2,0,0,0,0,104,200,1544.799176,3089.598352,0,5803,1194.6,2121.17259,4499373.156,0,0,0,1,0,0,0,0,2,1327.333333,117.0,1932.5,104,0,0,0,0,0,0,3,351,6,11595,29200,235,1,32,0.0,0.0,0,0,0.0,0.0,0,0,DoS Hulk
80,1381,3,4,372,11595,372,0,124.0,214.7743001,11595,0,2898.75,5797.5,8665459.812,5068.790731,230.1666667,273.3835523,597,5,739,369.5,371.2310601,632,107,1346,448.6666667,398.9816203,778,5,0,0,0,0,104,136,2172.338885,2896.451846,0,11595,1495.875,4082.7384520000014,16700000.0,0,0,0,1,0,0,0,0,1,1709.571429,124.0,2898.75,104,0,0,0,0,0,0,3,372,4,11595,29200,235,1,32,0.0,0.0,0,0,0.0,0.0,0,0,DoS Hulk
80,497,4,0,0,0,0,0,0.0,0.0,0,0,0.0,0.0,0.0,8048.289737999998,165.66666669999995,153.20683190000003,304,1,497,165.66666669999995,153.20683190000003,304,1,0,0.0,0.0,0,0,0,0,0,0,128,0,8048.289737999998,0.0,0,0,0.0,0.0,0.0,0,0,0,0,1,0,0,0,0,0.0,0.0,0.0,128,0,0,0,0,0,0,4,0,0,0,251,-1,0,32,0.0,0.0,0,0,0.0,0.0,0,0,DoS Hulk
80,3720,3,6,349,11595,349,0,116.3333333,201.4952439,5792,0,1932.5,2537.820147,3210752.688,2419.354839,465.0,835.7085958,2485,3,3354,1677.0,1605.132393,2812,542,3393,678.6,1367.306952,3122,3,0,0,0,0,104,200,806.4516129,1612.903226,0,5792,1194.4,2120.4265920000007,4496208.933,0,0,0,1,0,0,0,0,2,1327.111111,116.3333333,1932.5,104,0,0,0,0,0,0,3,349,6,11595,29200,235,1,32,0.0,0.0,0,0,0.0,0.0,0,0,DoS Hulk
80,2791,3,5,306,11595,306,0,102.0,176.6691824,10147,0,2319.0,4420.676079999998,4264063.06,2866.356145,398.7142857,652.6570601,1813,5,1916,958.0,1234.60844,1831,85,2773,693.25,910.4626571,2012,5,0,0,0,0,104,168,1074.883554,1791.47259,0,10147,1322.333333,3343.180746,11200000.0,0,0,0,1,0,0,0,0,1,1487.625,102.0,2319.0,104,0,0,0,0,0,0,3,306,5,11595,29200,235,1,32,0.0,0.0,0,0,0.0,0.0,0,0,DoS Hulk
80,1878,3,6,382,11595,382,0,127.3333333,220.5478028,4355,0,1932.5,2182.468304,6377529.286,4792.332268,234.75,229.1298758,577,15,975,487.5,265.1650429,675,300,1780,356.0,399.7880689,950,15,0,0,0,0,104,200,1597.444089,3194.888179,0,4355,1197.7,1886.332364,3558249.789,0,0,0,1,0,0,0,0,2,1330.777778,127.3333333,1932.5,104,0,0,0,0,0,0,3,382,6,11595,29200,235,1,32,0.0,0.0,0,0,0.0,0.0,0,0,DoS Hulk
80,1878,3,6,382,11595,382,0,127.3333333,220.5478028,4355,0,1932.5,2182.468304,6377529.286,4792.332268,234.75,229.1298758,577,15,975,487.5,265.1650429,675,300,1780,356.0,399.7880689,950,15,0,0,0,0,104,200,1597.444089,3194.888179,0,4355,1197.7,1886.332364,3558249.789,0,0,0,1,0,0,0,0,2,1330.777778,127.3333333,1932.5,104,0,0,0,0,0,0,3,382,6,11595,29200,235,1,32,0.0,0.0,0,0,0.0,0.0,0,0,DoS Hulk
80,3720,3,6,349,11595,349,0,116.3333333,201.4952439,5792,0,1932.5,2537.820147,3210752.688,2419.354839,465.0,835.7085958,2485,3,3354,1677.0,1605.132393,2812,542,3393,678.6,1367.306952,3122,3,0,0,0,0,104,200,806.4516129,1612.903226,0,5792,1194.4,2120.4265920000007,4496208.933,0,0,0,1,0,0,0,0,2,1327.111111,116.3333333,1932.5,104,0,0,0,0,0,0,3,349,6,11595,29200,235,1,32,0.0,0.0,0,0,0.0,0.0,0,0,DoS Hulk
80,1381,3,4,372,11595,372,0,124.0,214.7743001,11595,0,2898.75,5797.5,8665459.812,5068.790731,230.1666667,273.3835523,597,5,739,369.5,371.2310601,632,107,1346,448.6666667,398.9816203,778,5,0,0,0,0,104,136,2172.338885,2896.451846,0,11595,1495.875,4082.7384520000014,16700000.0,0,0,0,1,0,0,0,0,1,1709.571429,124.0,2898.75,104,0,0,0,0,0,0,3,372,4,11595,29200,235,1,32,0.0,0.0,0,0,0.0,0.0,0,0,DoS Hulk
80,4625,3,5,358,11595,358,0,119.3333333,206.6913964,10147,0,2319.0,4420.676079999998,2584432.432,1729.72973,660.7142857000001,994.6250071,2797,29,3035,1517.5,1850.498446,2826,209,4596,1149.0,1362.639351,3121,196,0,0,0,0,104,168,648.6486486,1081.081081,0,10147,1328.111111,3341.249109,11200000.0,0,0,0,1,0,0,0,0,1,1494.125,119.3333333,2319.0,104,0,0,0,0,0,0,3,358,5,11595,29200,235,1,32,0.0,0.0,0,0,0.0,0.0,0,0,DoS Hulk
80,1878,3,6,382,11595,382,0,127.3333333,220.5478028,4355,0,1932.5,2182.468304,6377529.286,4792.332268,234.75,229.1298758,577,15,975,487.5,265.1650429,675,300,1780,356.0,399.7880689,950,15,0,0,0,0,104,200,1597.444089,3194.888179,0,4355,1197.7,1886.332364,3558249.789,0,0,0,1,0,0,0,0,2,1330.777778,127.3333333,1932.5,104,0,0,0,0,0,0,3,382,6,11595,29200,235,1,32,0.0,0.0,0,0,0.0,0.0,0,0,DoS Hulk
80,2791,3,5,306,11595,306,0,102.0,176.6691824,10147,0,2319.0,4420.676079999998,4264063.06,2866.356145,398.7142857,652.6570601,1813,5,1916,958.0,1234.60844,1831,85,2773,693.25,910.4626571,2012,5,0,0,0,0,104,168,1074.883554,1791.47259,0,10147,1322.333333,3343.180746,11200000.0,0,0,0,1,0,0,0,0,1,1487.625,102.0,2319.0,104,0,0,0,0,0,0,3,306,5,11595,29200,235,1,32,0.0,0.0,0,0,0.0,0.0,0,0,DoS Hulk
80,1550,3,6,372,11595,372,0,124.0,214.7743001,5792,0,1932.5,2537.820147,7720645.161,5806.451613,193.75,262.93983560000004,658,3,669,334.5,402.3437585,619,50,1503,300.6,366.3137999,742,3,0,0,0,0,104,200,1935.483871,3870.967742,0,5792,1196.7,2119.419944,4491940.9,0,0,0,1,0,0,0,0,2,1329.666667,124.0,1932.5,104,0,0,0,0,0,0,3,372,6,11595,29200,235,1,32,0.0,0.0,0,0,0.0,0.0,0,0,DoS Hulk
80,3,2,0,0,0,0,0,0.0,0.0,0,0,0.0,0.0,0.0,666666.6667,3.0,0.0,3,3,3,3.0,0.0,3,3,0,0.0,0.0,0,0,0,0,0,0,64,0,666666.6667,0.0,0,0,0.0,0.0,0.0,0,0,0,0,1,0,0,0,0,0.0,0.0,0.0,64,0,0,0,0,0,0,2,0,0,0,274,-1,0,32,0.0,0.0,0,0,0.0,0.0,0,0,DoS Hulk
80,1550,3,6,372,11595,372,0,124.0,214.7743001,5792,0,1932.5,2537.820147,7720645.161,5806.451613,193.75,262.93983560000004,658,3,669,334.5,402.3437585,619,50,1503,300.6,366.3137999,742,3,0,0,0,0,104,200,1935.483871,3870.967742,0,5792,1196.7,2119.419944,4491940.9,0,0,0,1,0,0,0,0,2,1329.666667,124.0,1932.5,104,0,0,0,0,0,0,3,372,6,11595,29200,235,1,32,0.0,0.0,0,0,0.0,0.0,0,0,DoS Hulk
80,1893,3,7,348,11595,348,0,116.0,200.9178937,4344,0,1656.428571,1760.597234,6309033.281,5282.62018,210.3333333,237.8592021,769,3,967,483.5,584.7773080000002,897,70,1765,294.1666667,351.9019276,956,3,0,0,0,0,104,232,1584.786054,3697.834126,0,4344,1085.727273,1579.834427,2495876.818,0,0,0,1,0,0,0,0,2,1194.3,116.0,1656.428571,104,0,0,0,0,0,0,3,348,7,11595,29200,235,1,32,0.0,0.0,0,0,0.0,0.0,0,0,DoS Hulk
80,3720,3,6,349,11595,349,0,116.3333333,201.4952439,5792,0,1932.5,2537.820147,3210752.688,2419.354839,465.0,835.7085958,2485,3,3354,1677.0,1605.132393,2812,542,3393,678.6,1367.306952,3122,3,0,0,0,0,104,200,806.4516129,1612.903226,0,5792,1194.4,2120.4265920000007,4496208.933,0,0,0,1,0,0,0,0,2,1327.111111,116.3333333,1932.5,104,0,0,0,0,0,0,3,349,6,11595,29200,235,1,32,0.0,0.0,0,0,0.0,0.0,0,0,DoS Hulk
80,9688,3,7,326,11595,326,0,108.6666667,188.2161878,5792,0,1656.428571,2118.2272350000007,1230491.329,1032.204789,1076.444444,2672.509266,8187,47,8987,4493.5,5458.157244,8353,634,9522,1587.0,3570.057983,8873,47,0,0,0,0,104,232,309.6614368000001,722.5433526,0,5792,1083.727273,1825.233469,3331477.218000001,0,0,0,1,0,0,0,0,2,1192.1,108.6666667,1656.428571,104,0,0,0,0,0,0,3,326,7,11595,29200,235,1,32,0.0,0.0,0,0,0.0,0.0,0,0,DoS Hulk
80,1,2,0,0,0,0,0,0.0,0.0,0,0,0.0,0.0,0.0,2000000.0,1.0,0.0,1,1,1,1.0,0.0,1,1,0,0.0,0.0,0,0,0,0,0,0,64,0,2000000.0,0.0,0,0,0.0,0.0,0.0,0,0,0,0,1,0,0,0,0,0.0,0.0,0.0,64,0,0,0,0,0,0,2,0,0,0,274,-1,0,32,0.0,0.0,0,0,0.0,0.0,0,0,DoS Hulk
80,4053,3,6,353,11595,353,0,117.6666667,203.804645,7240,0,1932.5,2846.954847,2947939.798,2220.57735,506.625,890.4530047000002,2643,2,2983,1491.5,1924.037552,2852,131,3844,768.8,1219.254977,2891,2,0,0,0,0,104,200,740.19245,1480.3849,0,7240,1194.8,2328.142693,5420248.4,0,0,0,1,0,0,0,0,2,1327.555556,117.6666667,1932.5,104,0,0,0,0,0,0,3,353,6,11595,29200,235,1,32,0.0,0.0,0,0,0.0,0.0,0,0,DoS Hulk
80,1942,3,6,351,11595,351,0,117.0,202.6499445,5803,0,1932.5,2539.075088,6151390.319,4634.397528,242.75,457.0360255,1348,2,1455,727.5,939.7449122000003,1392,63,1898,379.6,625.9547107999998,1477,2,0,0,0,0,104,200,1544.799176,3089.598352,0,5803,1194.6,2121.17259,4499373.156,0,0,0,1,0,0,0,0,2,1327.333333,117.0,1932.5,104,0,0,0,0,0,0,3,351,6,11595,29200,235,1,32,0.0,0.0,0,0,0.0,0.0,0,0,DoS Hulk
80,4520,3,5,371,11595,371,0,123.6666667,214.1969499,10147,0,2319.0,4420.676079999998,2647345.133,1769.911504,645.7142857000001,1013.491443,2767,33,3070,1535.0,1788.980156,2800,270,4487,1121.75,1396.566116,3088,59,0,0,0,0,104,168,663.7168142,1106.19469,0,10147,1329.555556,3340.780078,11200000.0,0,0,0,1,0,0,0,0,1,1495.75,123.6666667,2319.0,104,0,0,0,0,0,0,3,371,5,11595,29200,235,1,32,0.0,0.0,0,0,0.0,0.0,0,0,DoS Hulk
80,4357,3,6,326,11595,326,0,108.6666667,188.2161878,5792,0,1932.5,2537.820147,2736056.92,2065.641496,544.625,1181.589116,3464,48,3798,1899.0,2446.589463,3629,169,4192,838.4,1594.887551,3688,48,0,0,0,0,104,200,688.5471655,1377.094331,0,5792,1192.1,2121.457699,4500582.767,0,0,0,1,0,0,0,0,2,1324.555556,108.6666667,1932.5,104,0,0,0,0,0,0,3,326,6,11595,29200,235,1,32,0.0,0.0,0,0,0.0,0.0,0,0,DoS Hulk
80,1878,3,6,382,11595,382,0,127.3333333,220.5478028,4355,0,1932.5,2182.468304,6377529.286,4792.332268,234.75,229.1298758,577,15,975,487.5,265.1650429,675,300,1780,356.0,399.7880689,950,15,0,0,0,0,104,200,1597.444089,3194.888179,0,4355,1197.7,1886.332364,3558249.789,0,0,0,1,0,0,0,0,2,1330.777778,127.3333333,1932.5,104,0,0,0,0,0,0,3,382,6,11595,29200,235,1,32,0.0,0.0,0,0,0.0,0.0,0,0,DoS Hulk
80,3385,3,4,348,11595,348,0,116.0,200.9178937,11595,0,2898.75,5797.5,3528212.703,2067.946824,564.1666667000002,600.6181538,1588,45,2129,1064.5,803.9804102,1633,496,3340,1113.333333,1018.982008,2206,189,0,0,0,0,104,136,886.2629247000001,1181.6839,0,11595,1492.875,4083.690958,16700000.0,0,0,0,1,0,0,0,0,1,1706.142857,116.0,2898.75,104,0,0,0,0,0,0,3,348,4,11595,29200,235,1,32,0.0,0.0,0,0,0.0,0.0,0,0,DoS Hulk
80,5,2,0,0,0,0,0,0.0,0.0,0,0,0.0,0.0,0.0,400000.0,5.0,0.0,5,5,5,5.0,0.0,5,5,0,0.0,0.0,0,0,0,0,0,0,64,0,400000.0,0.0,0,0,0.0,0.0,0.0,0,0,0,0,1,0,0,0,0,0.0,0.0,0.0,64,0,0,0,0,0,0,2,0,0,0,274,-1,0,32,0.0,0.0,0,0,0.0,0.0,0,0,DoS Hulk
80,9991,3,5,354,11595,354,0,118.0,204.38199530000003,7240,0,2319.0,3003.171157,1195976.379,800.7206486,1427.285714,3357.932882,9035,2,9083,4541.5,6419.822466,9081,2,9945,2486.25,4435.837341,9137,153,0,0,0,0,104,168,300.2702432,500.4504054,0,7240,1327.666667,2429.659956,5903247.5,0,0,0,1,0,0,0,0,1,1493.625,118.0,2319.0,104,0,0,0,0,0,0,3,354,5,11595,29200,235,1,32,0.0,0.0,0,0,0.0,0.0,0,0,DoS Hulk
80,8893,3,6,358,11595,358,0,119.3333333,206.6913964,5792,0,1932.5,2181.008184,1344090.858,1012.031935,1111.625,2880.371104,8238,1,8402,4201.0,5939.696962,8401,1,8730,1746.0,3650.9744590000014,8276,46,0,0,0,0,104,200,337.3439784,674.6879568,0,5792,1195.3,1886.562544,3559118.233,0,0,0,1,0,0,0,0,2,1328.111111,119.3333333,1932.5,104,0,0,0,0,0,0,3,358,6,11595,29200,235,1,32,0.0,0.0,0,0,0.0,0.0,0,0,DoS Hulk
80,8596,3,6,325,11595,325,0,108.3333333,187.6388375,5792,0,1932.5,2181.008184,1386691.4840000002,1046.998604,1074.5,2101.737852,5970,6,6031,3015.5,4256.0757159999985,6025,6,8541,1708.2,2616.361347,6122,47,0,0,0,0,104,200,348.9995347,697.9990693,0,5792,1192.0,1888.218031,3565367.333,0,0,0,1,0,0,0,0,2,1324.444444,108.3333333,1932.5,104,0,0,0,0,0,0,3,325,6,11595,29200,235,1,32,0.0,0.0,0,0,0.0,0.0,0,0,DoS Hulk
80,1942,3,6,351,11595,351,0,117.0,202.6499445,5803,0,1932.5,2539.075088,6151390.319,4634.397528,242.75,457.0360255,1348,2,1455,727.5,939.7449122000003,1392,63,1898,379.6,625.9547107999998,1477,2,0,0,0,0,104,200,1544.799176,3089.598352,0,5803,1194.6,2121.17259,4499373.156,0,0,0,1,0,0,0,0,2,1327.333333,117.0,1932.5,104,0,0,0,0,0,0,3,351,6,11595,29200,235,1,32,0.0,0.0,0,0,0.0,0.0,0,0,DoS Hulk
80,0,2,0,0,0,0,0,0.0,0.0,0,0,0.0,0.0,,inf,0.0,0.0,0,0,0,0.0,0.0,0,0,0,0.0,0.0,0,0,0,0,0,0,64,0,0.0,0.0,0,0,0.0,0.0,0.0,0,0,0,0,1,0,0,0,0,0.0,0.0,0.0,64,0,0,0,0,0,0,2,0,0,0,274,-1,0,32,0.0,0.0,0,0,0.0,0.0,0,0,DoS Hulk
80,9877,3,5,335,11595,335,0,111.6666667,193.4123402,5792,0,2319.0,3170.403917,1207856.637,809.9625392,1411.0,3059.993355,8328,3,9117,4558.5,5335.120664,8331,786,9874,2468.5,4557.000512,9304,188,0,0,0,0,104,168,303.7359522,506.226587,0,5792,1325.555556,2534.585672,6424124.528,0,0,0,1,0,0,0,0,1,1491.25,111.6666667,2319.0,104,0,0,0,0,0,0,3,335,5,11595,29200,235,1,32,0.0,0.0,0,0,0.0,0.0,0,0,DoS Hulk
80,4357,3,6,326,11595,326,0,108.6666667,188.2161878,5792,0,1932.5,2537.820147,2736056.92,2065.641496,544.625,1181.589116,3464,48,3798,1899.0,2446.589463,3629,169,4192,838.4,1594.887551,3688,48,0,0,0,0,104,200,688.5471655,1377.094331,0,5792,1192.1,2121.457699,4500582.767,0,0,0,1,0,0,0,0,2,1324.555556,108.6666667,1932.5,104,0,0,0,0,0,0,3,326,6,11595,29200,235,1,32,0.0,0.0,0,0,0.0,0.0,0,0,DoS Hulk
80,10583,3,6,351,11595,351,0,117.0,202.6499445,4344,0,1932.5,1754.831473,1128791.458,850.4204857000002,1322.875,2054.697923,5142,8,5019,2509.5,2126.270091,4013,1006,10575,2115.0,2761.662271,5142,48,0,0,0,0,104,200,283.4734952,566.9469905,0,4344,1194.6,1621.282565,2628557.156,0,0,0,1,0,0,0,0,2,1327.333333,117.0,1932.5,104,0,0,0,0,0,0,3,351,6,11595,29200,235,1,32,0.0,0.0,0,0,0.0,0.0,0,0,DoS Hulk
80,4357,3,6,326,11595,326,0,108.6666667,188.2161878,5792,0,1932.5,2537.820147,2736056.92,2065.641496,544.625,1181.589116,3464,48,3798,1899.0,2446.589463,3629,169,4192,838.4,1594.887551,3688,48,0,0,0,0,104,200,688.5471655,1377.094331,0,5792,1192.1,2121.457699,4500582.767,0,0,0,1,0,0,0,0,2,1324.555556,108.6666667,1932.5,104,0,0,0,0,0,0,3,326,6,11595,29200,235,1,32,0.0,0.0,0,0,0.0,0.0,0,0,DoS Hulk
80,2758,3,5,382,11595,382,0,127.3333333,220.5478028,10147,0,2319.0,4420.676079999998,4342639.594,2900.652647,394.0,592.1137278,1578,4,1749,874.5,1059.953065,1624,125,2712,678.0,824.6643762,1790,4,0,0,0,0,104,168,1087.744743,1812.907904,0,10147,1330.777778,3340.387544,11200000.0,0,0,0,1,0,0,0,0,1,1497.125,127.3333333,2319.0,104,0,0,0,0,0,0,3,382,5,11595,29200,235,1,32,0.0,0.0,0,0,0.0,0.0,0,0,DoS Hulk
80,3385,3,4,348,11595,348,0,116.0,200.9178937,11595,0,2898.75,5797.5,3528212.703,2067.946824,564.1666667000002,600.6181538,1588,45,2129,1064.5,803.9804102,1633,496,3340,1113.333333,1018.982008,2206,189,0,0,0,0,104,136,886.2629247000001,1181.6839,0,11595,1492.875,4083.690958,16700000.0,0,0,0,1,0,0,0,0,1,1706.142857,116.0,2898.75,104,0,0,0,0,0,0,3,348,4,11595,29200,235,1,32,0.0,0.0,0,0,0.0,0.0,0,0,DoS Hulk
80,1878,3,6,382,11595,382,0,127.3333333,220.5478028,4355,0,1932.5,2182.468304,6377529.286,4792.332268,234.75,229.1298758,577,15,975,487.5,265.1650429,675,300,1780,356.0,399.7880689,950,15,0,0,0,0,104,200,1597.444089,3194.888179,0,4355,1197.7,1886.332364,3558249.789,0,0,0,1,0,0,0,0,2,1330.777778,127.3333333,1932.5,104,0,0,0,0,0,0,3,382,6,11595,29200,235,1,32,0.0,0.0,0,0,0.0,0.0,0,0,DoS Hulk
80,984,2,0,0,0,0,0,0.0,0.0,0,0,0.0,0.0,0.0,2032.520325,984.0,0.0,984,984,984,984.0,0.0,984,984,0,0.0,0.0,0,0,0,0,0,0,64,0,2032.520325,0.0,0,0,0.0,0.0,0.0,0,0,0,0,1,0,0,0,0,0.0,0.0,0.0,64,0,0,0,0,0,0,2,0,0,0,274,-1,0,32,0.0,0.0,0,0,0.0,0.0,0,0,DoS Hulk
80,1893,3,7,348,11595,348,0,116.0,200.9178937,4344,0,1656.428571,1760.597234,6309033.281,5282.62018,210.3333333,237.8592021,769,3,967,483.5,584.7773080000002,897,70,1765,294.1666667,351.9019276,956,3,0,0,0,0,104,232,1584.786054,3697.834126,0,4344,1085.727273,1579.834427,2495876.818,0,0,0,1,0,0,0,0,2,1194.3,116.0,1656.428571,104,0,0,0,0,0,0,3,348,7,11595,29200,235,1,32,0.0,0.0,0,0,0.0,0.0,0,0,DoS Hulk
80,9991,3,5,354,11595,354,0,118.0,204.38199530000003,7240,0,2319.0,3003.171157,1195976.379,800.7206486,1427.285714,3357.932882,9035,2,9083,4541.5,6419.822466,9081,2,9945,2486.25,4435.837341,9137,153,0,0,0,0,104,168,300.2702432,500.4504054,0,7240,1327.666667,2429.659956,5903247.5,0,0,0,1,0,0,0,0,1,1493.625,118.0,2319.0,104,0,0,0,0,0,0,3,354,5,11595,29200,235,1,32,0.0,0.0,0,0,0.0,0.0,0,0,DoS Hulk
80,14625,3,6,362,11595,362,0,120.6666667,209.0007974,5803,0,1932.5,2539.075088,817572.6496,615.3846154,1828.125,3840.668559,11001,1,3058,1529.0,2160.918323,3057,1,14542,2908.4,4726.27441,11001,49,0,0,0,0,104,200,205.1282051,410.2564103,0,5803,1195.7,2120.689304,4497323.122,0,0,0,1,0,0,0,0,2,1328.555556,120.6666667,1932.5,104,0,0,0,0,0,0,3,362,6,11595,29200,235,1,32,0.0,0.0,0,0,0.0,0.0,0,0,DoS Hulk
80,8596,3,6,325,11595,325,0,108.3333333,187.6388375,5792,0,1932.5,2181.008184,1386691.4840000002,1046.998604,1074.5,2101.737852,5970,6,6031,3015.5,4256.0757159999985,6025,6,8541,1708.2,2616.361347,6122,47,0,0,0,0,104,200,348.9995347,697.9990693,0,5792,1192.0,1888.218031,3565367.333,0,0,0,1,0,0,0,0,2,1324.444444,108.3333333,1932.5,104,0,0,0,0,0,0,3,325,6,11595,29200,235,1,32,0.0,0.0,0,0,0.0,0.0,0,0,DoS Hulk
80,8893,3,6,358,11595,358,0,119.3333333,206.6913964,5792,0,1932.5,2181.008184,1344090.858,1012.031935,1111.625,2880.371104,8238,1,8402,4201.0,5939.696962,8401,1,8730,1746.0,3650.9744590000014,8276,46,0,0,0,0,104,200,337.3439784,674.6879568,0,5792,1195.3,1886.562544,3559118.233,0,0,0,1,0,0,0,0,2,1328.111111,119.3333333,1932.5,104,0,0,0,0,0,0,3,358,6,11595,29200,235,1,32,0.0,0.0,0,0,0.0,0.0,0,0,DoS Hulk
80,1550,3,6,372,11595,372,0,124.0,214.7743001,5792,0,1932.5,2537.820147,7720645.161,5806.451613,193.75,262.93983560000004,658,3,669,334.5,402.3437585,619,50,1503,300.6,366.3137999,742,3,0,0,0,0,104,200,1935.483871,3870.967742,0,5792,1196.7,2119.419944,4491940.9,0,0,0,1,0,0,0,0,2,1329.666667,124.0,1932.5,104,0,0,0,0,0,0,3,372,6,11595,29200,235,1,32,0.0,0.0,0,0,0.0,0.0,0,0,DoS Hulk
80,7434,3,6,353,11595,353,0,117.6666667,203.804645,4344,0,1932.5,2178.085008,1607210.116,1210.6537529999996,929.25,1587.681936,4000,1,4061,2030.5,2870.146425,4060,1,7374,1474.8,1949.537561,4191,34,0,0,0,0,104,200,403.551251,807.102502,0,4344,1194.8,1884.932878,3552971.956,0,0,0,1,0,0,0,0,2,1327.555556,117.6666667,1932.5,104,0,0,0,0,0,0,3,353,6,11595,29200,235,1,32,0.0,0.0,0,0,0.0,0.0,0,0,DoS Hulk
80,3385,3,4,348,11595,348,0,116.0,200.9178937,11595,0,2898.75,5797.5,3528212.703,2067.946824,564.1666667000002,600.6181538,1588,45,2129,1064.5,803.9804102,1633,496,3340,1113.333333,1018.982008,2206,189,0,0,0,0,104,136,886.2629247000001,1181.6839,0,11595,1492.875,4083.690958,16700000.0,0,0,0,1,0,0,0,0,1,1706.142857,116.0,2898.75,104,0,0,0,0,0,0,3,348,4,11595,29200,235,1,32,0.0,0.0,0,0,0.0,0.0,0,0,DoS Hulk
80,16683,3,6,371,11595,371,0,123.6666667,214.1969499,5792,0,1932.5,2534.051598,717257.0881,539.4713181,2085.375,4242.526671000001,12292,47,4007,2003.5,1447.447581,3027,980,16601,3320.2,5295.846835,12292,47,0,0,0,0,104,200,179.8237727,359.6475454,0,5792,1196.6,2116.956684,4481505.6,0,0,0,1,0,0,0,0,2,1329.555556,123.6666667,1932.5,104,0,0,0,0,0,0,3,371,6,11595,29200,235,1,32,0.0,0.0,0,0,0.0,0.0,0,0,DoS Hulk
80,8604,3,6,358,11595,358,0,119.3333333,206.6913964,7240,0,1932.5,2695.639126,1389237.564,1046.0251050000004,1075.5,1536.5161890000004,3890,74,4953,2476.5,2140.412227,3990,963,8504,1700.8,2274.367099,5048,74,0,0,0,0,104,200,348.6750349,697.3500697000002,0,7240,1195.3,2225.619317,4953381.344,0,0,0,1,0,0,0,0,2,1328.111111,119.3333333,1932.5,104,0,0,0,0,0,0,3,358,6,11595,29200,235,1,32,0.0,0.0,0,0,0.0,0.0,0,0,DoS Hulk
80,992,2,0,0,0,0,0,0.0,0.0,0,0,0.0,0.0,0.0,2016.129032,992.0,0.0,992,992,992,992.0,0.0,992,992,0,0.0,0.0,0,0,0,0,0,0,64,0,2016.129032,0.0,0,0,0.0,0.0,0.0,0,0,0,0,1,0,0,0,0,0.0,0.0,0.0,64,0,0,0,0,0,0,2,0,0,0,251,-1,0,32,0.0,0.0,0,0,0.0,0.0,0,0,DoS Hulk
80,17499,3,6,324,11595,324,0,108.0,187.0614872,5792,0,1932.5,2537.820147,681124.6357,514.3151037,2187.375,4658.243107,13269,4,3901,1950.5,2752.766699,3897,4,17349,3469.8,5707.2098,13269,47,0,0,0,0,104,200,171.4383679,342.8767358,0,5792,1191.9,2121.548515,4500968.1,0,0,0,1,0,0,0,0,2,1324.333333,108.0,1932.5,104,0,0,0,0,0,0,3,324,6,11595,29200,235,1,32,0.0,0.0,0,0,0.0,0.0,0,0,DoS Hulk
80,1,2,0,0,0,0,0,0.0,0.0,0,0,0.0,0.0,0.0,2000000.0,1.0,0.0,1,1,1,1.0,0.0,1,1,0,0.0,0.0,0,0,0,0,0,0,64,0,2000000.0,0.0,0,0,0.0,0.0,0.0,0,0,0,0,1,0,0,0,0,0.0,0.0,0.0,64,0,0,0,0,0,0,2,0,0,0,274,-1,0,32,0.0,0.0,0,0,0.0,0.0,0,0,DoS Hulk
80,9991,3,5,354,11595,354,0,118.0,204.38199530000003,7240,0,2319.0,3003.171157,1195976.379,800.7206486,1427.285714,3357.932882,9035,2,9083,4541.5,6419.822466,9081,2,9945,2486.25,4435.837341,9137,153,0,0,0,0,104,168,300.2702432,500.4504054,0,7240,1327.666667,2429.659956,5903247.5,0,0,0,1,0,0,0,0,1,1493.625,118.0,2319.0,104,0,0,0,0,0,0,3,354,5,11595,29200,235,1,32,0.0,0.0,0,0,0.0,0.0,0,0,DoS Hulk
80,7434,3,6,353,11595,353,0,117.6666667,203.804645,4344,0,1932.5,2178.085008,1607210.116,1210.6537529999996,929.25,1587.681936,4000,1,4061,2030.5,2870.146425,4060,1,7374,1474.8,1949.537561,4191,34,0,0,0,0,104,200,403.551251,807.102502,0,4344,1194.8,1884.932878,3552971.956,0,0,0,1,0,0,0,0,2,1327.555556,117.6666667,1932.5,104,0,0,0,0,0,0,3,353,6,11595,29200,235,1,32,0.0,0.0,0,0,0.0,0.0,0,0,DoS Hulk
80,1381,3,4,372,11595,372,0,124.0,214.7743001,11595,0,2898.75,5797.5,8665459.812,5068.790731,230.1666667,273.3835523,597,5,739,369.5,371.2310601,632,107,1346,448.6666667,398.9816203,778,5,0,0,0,0,104,136,2172.338885,2896.451846,0,11595,1495.875,4082.7384520000014,16700000.0,0,0,0,1,0,0,0,0,1,1709.571429,124.0,2898.75,104,0,0,0,0,0,0,3,372,4,11595,29200,235,1,32,0.0,0.0,0,0,0.0,0.0,0,0,DoS Hulk
80,7505,3,5,306,11595,306,0,102.0,176.6691824,8688,0,2319.0,3633.79705,1585742.8380000002,1065.956029,1072.142857,2216.482305,6006,5,6021,3010.5,4250.418862,6016,5,7495,1873.75,2911.979553,6169,49,0,0,0,0,104,168,399.733511,666.2225182999998,0,8688,1322.333333,2829.824995,8007909.5,0,0,0,1,0,0,0,0,1,1487.625,102.0,2319.0,104,0,0,0,0,0,0,3,306,5,11595,29200,235,1,32,0.0,0.0,0,0,0.0,0.0,0,0,DoS Hulk
80,1893,3,7,348,11595,348,0,116.0,200.9178937,4344,0,1656.428571,1760.597234,6309033.281,5282.62018,210.3333333,237.8592021,769,3,967,483.5,584.7773080000002,897,70,1765,294.1666667,351.9019276,956,3,0,0,0,0,104,232,1584.786054,3697.834126,0,4344,1085.727273,1579.834427,2495876.818,0,0,0,1,0,0,0,0,2,1194.3,116.0,1656.428571,104,0,0,0,0,0,0,3,348,7,11595,29200,235,1,32,0.0,0.0,0,0,0.0,0.0,0,0,DoS Hulk
80,0,2,0,0,0,0,0,0.0,0.0,0,0,0.0,0.0,,inf,0.0,0.0,0,0,0,0.0,0.0,0,0,0,0.0,0.0,0,0,0,0,0,0,64,0,0.0,0.0,0,0,0.0,0.0,0.0,0,0,0,0,1,0,0,0,0,0.0,0.0,0.0,64,0,0,0,0,0,0,2,0,0,0,274,-1,0,32,0.0,0.0,0,0,0.0,0.0,0,0,DoS Hulk
80,3,2,0,0,0,0,0,0.0,0.0,0,0,0.0,0.0,0.0,666666.6667,3.0,0.0,3,3,3,3.0,0.0,3,3,0,0.0,0.0,0,0,0,0,0,0,64,0,666666.6667,0.0,0,0,0.0,0.0,0.0,0,0,0,0,1,0,0,0,0,0.0,0.0,0.0,64,0,0,0,0,0,0,2,0,0,0,274,-1,0,32,0.0,0.0,0,0,0.0,0.0,0,0,DoS Hulk
80,0,2,0,0,0,0,0,0.0,0.0,0,0,0.0,0.0,,inf,0.0,0.0,0,0,0,0.0,0.0,0,0,0,0.0,0.0,0,0,0,0,0,0,64,0,0.0,0.0,0,0,0.0,0.0,0.0,0,0,0,0,1,0,0,0,0,0.0,0.0,0.0,64,0,0,0,0,0,0,2,0,0,0,274,-1,0,32,0.0,0.0,0,0,0.0,0.0,0,0,DoS Hulk
80,1,2,0,0,0,0,0,0.0,0.0,0,0,0.0,0.0,0.0,2000000.0,1.0,0.0,1,1,1,1.0,0.0,1,1,0,0.0,0.0,0,0,0,0,0,0,64,0,2000000.0,0.0,0,0,0.0,0.0,0.0,0,0,0,0,1,0,0,0,0,0.0,0.0,0.0,64,0,0,0,0,0,0,2,0,0,0,251,-1,0,32,0.0,0.0,0,0,0.0,0.0,0,0,DoS Hulk
80,17501,3,6,316,11595,316,0,105.3333333,182.4426851,5792,0,1932.5,2181.008184,680589.6806,514.2563282,2187.625,3991.789178,11138,15,6000,3000.0,2805.799708,4984,1016,17486,3497.2,4991.412996,11138,38,0,0,0,0,104,200,171.4187761,342.8375521000001,0,5792,1191.1,1888.679283,3567109.433,0,0,0,1,0,0,0,0,2,1323.444444,105.3333333,1932.5,104,0,0,0,0,0,0,3,316,6,11595,29200,235,1,32,0.0,0.0,0,0,0.0,0.0,0,0,DoS Hulk
80,30095,3,5,314,11595,314,0,104.6666667,181.2879845,8688,0,2319.0,3774.237539,395713.5737,265.8248879,4299.285714,7681.321148,19614,4,10007,5003.5,7070.360705,10003,4,30022,7505.5,9305.132437,19614,188,0,0,0,0,104,168,99.68433295,166.1405549,0,8688,1323.222222,2919.944853,8526077.944,0,0,0,1,0,0,0,0,1,1488.625,104.6666667,2319.0,104,0,0,0,0,0,0,3,314,5,11595,29200,235,1,32,0.0,0.0,0,0,0.0,0.0,0,0,DoS Hulk
80,10559,3,5,303,11595,303,0,101.0,174.9371316,8688,0,2319.0,3633.79705,1126811.251,757.6475045,1508.428571,2109.990984,5058,10,4995,2497.5,2138.998013,4010,985,10549,2637.25,2845.734747,5145,154,0,0,0,0,104,168,284.1178142,473.5296903,0,8688,1322.0,2829.95985,8008672.75,0,0,0,1,0,0,0,0,1,1487.25,101.0,2319.0,104,0,0,0,0,0,0,3,303,5,11595,29200,235,1,32,0.0,0.0,0,0,0.0,0.0,0,0,DoS Hulk
80,12402,3,4,340,11595,340,0,113.3333333,196.2990915,10147,0,2898.75,4880.1402560000015,962344.7831,564.4250927,2067.0,2875.945549,7058,97,4967,2483.5,2356.786902,4150,817,12305,4101.666667,3528.127879,7058,196,0,0,0,0,104,136,241.8964683,322.5286244,0,10147,1491.875,3532.873878000001,12500000.0,0,0,0,1,0,0,0,0,1,1705.0,113.3333333,2898.75,104,0,0,0,0,0,0,3,340,4,11595,29200,235,1,32,0.0,0.0,0,0,0.0,0.0,0,0,DoS Hulk
80,3,2,0,0,0,0,0,0.0,0.0,0,0,0.0,0.0,0.0,666666.6667,3.0,0.0,3,3,3,3.0,0.0,3,3,0,0.0,0.0,0,0,0,0,0,0,64,0,666666.6667,0.0,0,0,0.0,0.0,0.0,0,0,0,0,1,0,0,0,0,0.0,0.0,0.0,64,0,0,0,0,0,0,2,0,0,0,274,-1,0,32,0.0,0.0,0,0,0.0,0.0,0,0,DoS Hulk
80,18592,3,6,325,11595,325,0,108.3333333,187.6388375,5792,0,1932.5,2181.008184,641135.9725,484.0791738,2324.0,4214.368653,9996,6,10026,5013.0,7080.967306999999,10020,6,18568,3713.6,4995.4880939999985,10058,46,0,0,0,0,104,200,161.3597246,322.7194492,0,5792,1192.0,1888.218031,3565367.333,0,0,0,1,0,0,0,0,2,1324.444444,108.3333333,1932.5,104,0,0,0,0,0,0,3,325,6,11595,29200,235,1,32,0.0,0.0,0,0,0.0,0.0,0,0,DoS Hulk
80,16414,3,6,316,11595,316,0,105.3333333,182.4426851,5792,0,1932.5,2537.820147,725661.0211,548.3124162,2051.75,4573.927126,13102,6,2926,1463.0,2060.50916,2920,6,16394,3278.8,5634.146315,13102,46,0,0,0,0,104,200,182.7708054,365.5416108,0,5792,1191.1,2121.913625,4502517.433,0,0,0,1,0,0,0,0,2,1323.444444,105.3333333,1932.5,104,0,0,0,0,0,0,3,316,6,11595,29200,235,1,32,0.0,0.0,0,0,0.0,0.0,0,0,DoS Hulk
80,1,2,0,0,0,0,0,0.0,0.0,0,0,0.0,0.0,0.0,2000000.0,1.0,0.0,1,1,1,1.0,0.0,1,1,0,0.0,0.0,0,0,0,0,0,0,64,0,2000000.0,0.0,0,0,0.0,0.0,0.0,0,0,0,0,1,0,0,0,0,0.0,0.0,0.0,64,0,0,0,0,0,0,2,0,0,0,251,-1,0,32,0.0,0.0,0,0,0.0,0.0,0,0,DoS Hulk
80,33062,3,7,354,11595,354,0,118.0,204.38199530000003,4344,0,1656.428571,1757.579003,361411.8928,302.462041,3673.555556,7591.399262999998,21516,17,11019,5509.5,7723.727370999999,10971,48,33021,5503.5,8983.528588,21516,17,0,0,0,0,104,232,90.7386123,211.7234287,0,4344,1086.272727,1577.5372,2488623.618,0,0,0,1,0,0,0,0,2,1194.9,118.0,1656.428571,104,0,0,0,0,0,0,3,354,7,11595,29200,235,1,32,0.0,0.0,0,0,0.0,0.0,0,0,DoS Hulk
80,28159,3,8,411,11595,411,0,137.0,237.2909606,4344,0,1449.375,1546.511368,426364.5726,390.6388721,2815.9,5993.162687,17431,7,10018,5009.0,7073.896239,10011,7,28077,4011.0,6965.197126000001,17431,22,0,0,0,0,104,264,106.5378742,284.1009979,0,4344,1000.5,1404.677349,1973118.455,0,0,0,1,0,0,0,0,2,1091.4545449999996,137.0,1449.375,104,0,0,0,0,0,0,3,411,8,11595,29200,235,1,32,0.0,0.0,0,0,0.0,0.0,0,0,DoS Hulk
80,9688,3,7,326,11595,326,0,108.6666667,188.2161878,5792,0,1656.428571,2118.2272350000007,1230491.329,1032.204789,1076.444444,2672.509266,8187,47,8987,4493.5,5458.157244,8353,634,9522,1587.0,3570.057983,8873,47,0,0,0,0,104,232,309.6614368000001,722.5433526,0,5792,1083.727273,1825.233469,3331477.218000001,0,0,0,1,0,0,0,0,2,1192.1,108.6666667,1656.428571,104,0,0,0,0,0,0,3,326,7,11595,29200,235,1,32,0.0,0.0,0,0,0.0,0.0,0,0,DoS Hulk
80,10559,3,5,303,11595,303,0,101.0,174.9371316,8688,0,2319.0,3633.79705,1126811.251,757.6475045,1508.428571,2109.990984,5058,10,4995,2497.5,2138.998013,4010,985,10549,2637.25,2845.734747,5145,154,0,0,0,0,104,168,284.1178142,473.5296903,0,8688,1322.0,2829.95985,8008672.75,0,0,0,1,0,0,0,0,1,1487.25,101.0,2319.0,104,0,0,0,0,0,0,3,303,5,11595,29200,235,1,32,0.0,0.0,0,0,0.0,0.0,0,0,DoS Hulk
80,4,2,0,0,0,0,0,0.0,0.0,0,0,0.0,0.0,0.0,500000.0,4.0,0.0,4,4,4,4.0,0.0,4,4,0,0.0,0.0,0,0,0,0,0,0,64,0,500000.0,0.0,0,0,0.0,0.0,0.0,0,0,0,0,1,0,0,0,0,0.0,0.0,0.0,64,0,0,0,0,0,0,2,0,0,0,251,-1,0,32,0.0,0.0,0,0,0.0,0.0,0,0,DoS Hulk
80,13305,2,2,12,0,6,6,6.0,0.0,0,0,0.0,0.0,901.9165727,300.63885760000005,4435.0,5827.293454,11060,103,2245,2245.0,0.0,2245,2245,13202,13202.0,0.0,13202,13202,0,0,0,0,40,64,150.31942880000003,150.31942880000003,0,6,3.6,3.286335345,10.8,1,0,0,0,0,0,0,0,1,4.5,6.0,0.0,40,0,0,0,0,0,0,2,12,2,0,0,235,1,20,0.0,0.0,0,0,0.0,0.0,0,0,DoS Hulk
80,32893,3,6,367,11595,367,0,122.3333333,211.8875488,4344,0,1932.5,1754.831473,363664.0015,273.61444680000005,4111.625,8219.766697,22540,4,10058,5029.0,7106.423151000001,10054,4,32844,6568.8,9916.001044,22540,15,0,0,0,0,104,200,91.20481561,182.4096312,0,4344,1196.2,1620.365171,2625583.289,0,0,0,1,0,0,0,0,2,1329.111111,122.3333333,1932.5,104,0,0,0,0,0,0,3,367,6,11595,29200,235,1,32,0.0,0.0,0,0,0.0,0.0,0,0,DoS Hulk
80,10559,3,5,303,11595,303,0,101.0,174.9371316,8688,0,2319.0,3633.79705,1126811.251,757.6475045,1508.428571,2109.990984,5058,10,4995,2497.5,2138.998013,4010,985,10549,2637.25,2845.734747,5145,154,0,0,0,0,104,168,284.1178142,473.5296903,0,8688,1322.0,2829.95985,8008672.75,0,0,0,1,0,0,0,0,1,1487.25,101.0,2319.0,104,0,0,0,0,0,0,3,303,5,11595,29200,235,1,32,0.0,0.0,0,0,0.0,0.0,0,0,DoS Hulk
80,3,2,0,0,0,0,0,0.0,0.0,0,0,0.0,0.0,0.0,666666.6667,3.0,0.0,3,3,3,3.0,0.0,3,3,0,0.0,0.0,0,0,0,0,0,0,64,0,666666.6667,0.0,0,0,0.0,0.0,0.0,0,0,0,0,1,0,0,0,0,0.0,0.0,0.0,64,0,0,0,0,0,0,2,0,0,0,274,-1,0,32,0.0,0.0,0,0,0.0,0.0,0,0,DoS Hulk
80,8435,3,5,375,11595,375,0,125.0,216.5063509,5792,0,2319.0,3170.403917,1419087.137,948.4291642,1205.0,1892.398742,4002,4,4016,2008.0,2834.083979,4012,4,8425,2106.25,2299.917734,4247,48,0,0,0,0,104,168,355.6609366,592.7682276,0,5792,1330.0,2532.665937,6414396.75,0,0,0,1,0,0,0,0,1,1496.25,125.0,2319.0,104,0,0,0,0,0,0,3,375,5,11595,29200,235,1,32,0.0,0.0,0,0,0.0,0.0,0,0,DoS Hulk
80,8604,3,6,358,11595,358,0,119.3333333,206.6913964,7240,0,1932.5,2695.639126,1389237.564,1046.0251050000004,1075.5,1536.5161890000004,3890,74,4953,2476.5,2140.412227,3990,963,8504,1700.8,2274.367099,5048,74,0,0,0,0,104,200,348.6750349,697.3500697000002,0,7240,1195.3,2225.619317,4953381.344,0,0,0,1,0,0,0,0,2,1328.111111,119.3333333,1932.5,104,0,0,0,0,0,0,3,358,6,11595,29200,235,1,32,0.0,0.0,0,0,0.0,0.0,0,0,DoS Hulk
80,33062,3,7,354,11595,354,0,118.0,204.38199530000003,4344,0,1656.428571,1757.579003,361411.8928,302.462041,3673.555556,7591.399262999998,21516,17,11019,5509.5,7723.727370999999,10971,48,33021,5503.5,8983.528588,21516,17,0,0,0,0,104,232,90.7386123,211.7234287,0,4344,1086.272727,1577.5372,2488623.618,0,0,0,1,0,0,0,0,2,1194.9,118.0,1656.428571,104,0,0,0,0,0,0,3,354,7,11595,29200,235,1,32,0.0,0.0,0,0,0.0,0.0,0,0,DoS Hulk
80,2758,3,5,382,11595,382,0,127.3333333,220.5478028,10147,0,2319.0,4420.676079999998,4342639.594,2900.652647,394.0,592.1137278,1578,4,1749,874.5,1059.953065,1624,125,2712,678.0,824.6643762,1790,4,0,0,0,0,104,168,1087.744743,1812.907904,0,10147,1330.777778,3340.387544,11200000.0,0,0,0,1,0,0,0,0,1,1497.125,127.3333333,2319.0,104,0,0,0,0,0,0,3,382,5,11595,29200,235,1,32,0.0,0.0,0,0,0.0,0.0,0,0,DoS Hulk
80,1550,3,6,372,11595,372,0,124.0,214.7743001,5792,0,1932.5,2537.820147,7720645.161,5806.451613,193.75,262.93983560000004,658,3,669,334.5,402.3437585,619,50,1503,300.6,366.3137999,742,3,0,0,0,0,104,200,1935.483871,3870.967742,0,5792,1196.7,2119.419944,4491940.9,0,0,0,1,0,0,0,0,2,1329.666667,124.0,1932.5,104,0,0,0,0,0,0,3,372,6,11595,29200,235,1,32,0.0,0.0,0,0,0.0,0.0,0,0,DoS Hulk
80,3,2,0,0,0,0,0,0.0,0.0,0,0,0.0,0.0,0.0,666666.6667,3.0,0.0,3,3,3,3.0,0.0,3,3,0,0.0,0.0,0,0,0,0,0,0,64,0,666666.6667,0.0,0,0,0.0,0.0,0.0,0,0,0,0,1,0,0,0,0,0.0,0.0,0.0,64,0,0,0,0,0,0,2,0,0,0,251,-1,0,32,0.0,0.0,0,0,0.0,0.0,0,0,DoS Hulk
80,3385,3,4,348,11595,348,0,116.0,200.9178937,11595,0,2898.75,5797.5,3528212.703,2067.946824,564.1666667000002,600.6181538,1588,45,2129,1064.5,803.9804102,1633,496,3340,1113.333333,1018.982008,2206,189,0,0,0,0,104,136,886.2629247000001,1181.6839,0,11595,1492.875,4083.690958,16700000.0,0,0,0,1,0,0,0,0,1,1706.142857,116.0,2898.75,104,0,0,0,0,0,0,3,348,4,11595,29200,235,1,32,0.0,0.0,0,0,0.0,0.0,0,0,DoS Hulk
80,8893,3,6,358,11595,358,0,119.3333333,206.6913964,5792,0,1932.5,2181.008184,1344090.858,1012.031935,1111.625,2880.371104,8238,1,8402,4201.0,5939.696962,8401,1,8730,1746.0,3650.9744590000014,8276,46,0,0,0,0,104,200,337.3439784,674.6879568,0,5792,1195.3,1886.562544,3559118.233,0,0,0,1,0,0,0,0,2,1328.111111,119.3333333,1932.5,104,0,0,0,0,0,0,3,358,6,11595,29200,235,1,32,0.0,0.0,0,0,0.0,0.0,0,0,DoS Hulk
80,3,2,0,0,0,0,0,0.0,0.0,0,0,0.0,0.0,0.0,666666.6667,3.0,0.0,3,3,3,3.0,0.0,3,3,0,0.0,0.0,0,0,0,0,0,0,64,0,666666.6667,0.0,0,0,0.0,0.0,0.0,0,0,0,0,1,0,0,0,0,0.0,0.0,0.0,64,0,0,0,0,0,0,2,0,0,0,251,-1,0,32,0.0,0.0,0,0,0.0,0.0,0,0,DoS Hulk
80,10583,3,6,351,11595,351,0,117.0,202.6499445,4344,0,1932.5,1754.831473,1128791.458,850.4204857000002,1322.875,2054.697923,5142,8,5019,2509.5,2126.270091,4013,1006,10575,2115.0,2761.662271,5142,48,0,0,0,0,104,200,283.4734952,566.9469905,0,4344,1194.6,1621.282565,2628557.156,0,0,0,1,0,0,0,0,2,1327.333333,117.0,1932.5,104,0,0,0,0,0,0,3,351,6,11595,29200,235,1,32,0.0,0.0,0,0,0.0,0.0,0,0,DoS Hulk
80,23302,3,4,316,11595,316,0,105.3333333,182.4426851,8688,0,2898.75,4095.5661700000014,511157.8405,300.4033988,3883.666667,5947.34955,12993,50,10051,5025.5,7036.41958,10001,50,23225,7741.666667,6707.255499,12993,186,0,0,0,0,104,136,128.7443138,171.6590851,0,8688,1488.875,3077.518919,9471122.696,0,0,0,1,0,0,0,0,1,1701.571429,105.3333333,2898.75,104,0,0,0,0,0,0,3,316,4,11595,29200,235,1,32,0.0,0.0,0,0,0.0,0.0,0,0,DoS Hulk
80,40213,3,7,375,11595,375,0,125.0,216.5063509,4344,0,1656.428571,1757.579003,297664.9342,248.6758014,4468.111111,9665.158696,28452,5,11037,5518.5,7797.266476000002,11032,5,40009,6668.166667,11507.37521,28452,15,0,0,0,0,104,232,74.60274041,174.07306100000002,0,4344,1088.181818,1576.5748199999996,2485588.164,0,0,0,1,0,0,0,0,2,1197.0,125.0,1656.428571,104,0,0,0,0,0,0,3,375,7,11595,29200,235,1,32,0.0,0.0,0,0,0.0,0.0,0,0,DoS Hulk
80,4,2,0,0,0,0,0,0.0,0.0,0,0,0.0,0.0,0.0,500000.0,4.0,0.0,4,4,4,4.0,0.0,4,4,0,0.0,0.0,0,0,0,0,0,0,64,0,500000.0,0.0,0,0,0.0,0.0,0.0,0,0,0,0,1,0,0,0,0,0.0,0.0,0.0,64,0,0,0,0,0,0,2,0,0,0,251,-1,0,32,0.0,0.0,0,0,0.0,0.0,0,0,DoS Hulk
80,4520,3,5,371,11595,371,0,123.6666667,214.1969499,10147,0,2319.0,4420.676079999998,2647345.133,1769.911504,645.7142857000001,1013.491443,2767,33,3070,1535.0,1788.980156,2800,270,4487,1121.75,1396.566116,3088,59,0,0,0,0,104,168,663.7168142,1106.19469,0,10147,1329.555556,3340.780078,11200000.0,0,0,0,1,0,0,0,0,1,1495.75,123.6666667,2319.0,104,0,0,0,0,0,0,3,371,5,11595,29200,235,1,32,0.0,0.0,0,0,0.0,0.0,0,0,DoS Hulk
80,33328,3,6,373,11595,373,0,124.3333333,215.3516504,8688,0,1932.5,3384.303045,359097.4556,270.0432069,4166.0,8095.883416,21854,2,11018,5509.0,7782.417234,11012,6,33269,6653.8,9701.214677,21854,70,0,0,0,0,104,200,90.01440229999999,180.02880459999997,0,8688,1196.8,2697.544142,7276744.4,0,0,0,1,0,0,0,0,2,1329.777778,124.3333333,1932.5,104,0,0,0,0,0,0,3,373,6,11595,29200,235,1,32,0.0,0.0,0,0,0.0,0.0,0,0,DoS Hulk
80,1,2,0,0,0,0,0,0.0,0.0,0,0,0.0,0.0,0.0,2000000.0,1.0,0.0,1,1,1,1.0,0.0,1,1,0,0.0,0.0,0,0,0,0,0,0,64,0,2000000.0,0.0,0,0,0.0,0.0,0.0,0,0,0,0,1,0,0,0,0,0.0,0.0,0.0,64,0,0,0,0,0,0,2,0,0,0,274,-1,0,32,0.0,0.0,0,0,0.0,0.0,0,0,DoS Hulk
80,14511,3,5,369,11595,369,0,123.0,213.04224930000004,5792,0,2319.0,3170.403917,824477.9822,551.3059059,2073.0,3758.992507,9931,6,4037,2018.5,2846.1047940000008,4031,6,14494,3623.5,4644.779184,9931,63,0,0,0,0,104,168,206.7397147,344.5661912,0,5792,1329.333333,2532.949516,6415833.25,0,0,0,1,0,0,0,0,1,1495.5,123.0,2319.0,104,0,0,0,0,0,0,3,369,5,11595,29200,235,1,32,0.0,0.0,0,0,0.0,0.0,0,0,DoS Hulk
80,1,2,0,0,0,0,0,0.0,0.0,0,0,0.0,0.0,0.0,2000000.0,1.0,0.0,1,1,1,1.0,0.0,1,1,0,0.0,0.0,0,0,0,0,0,0,64,0,2000000.0,0.0,0,0,0.0,0.0,0.0,0,0,0,0,1,0,0,0,0,0.0,0.0,0.0,64,0,0,0,0,0,0,2,0,0,0,251,-1,0,32,0.0,0.0,0,0,0.0,0.0,0,0,DoS Hulk
80,45652,3,6,336,11595,336,0,112.0,193.9896904,4344,0,1932.5,1754.831473,261346.7099,197.1436082,5706.5,11744.37879,33244,15,12007,6003.5,7056.218569,10993,1014,45603,9120.6,14454.54412,33244,15,0,0,0,0,104,200,65.71453606,131.42907209999998,0,4344,1193.1,1622.156483,2631391.656,0,0,0,1,0,0,0,0,2,1325.666667,112.0,1932.5,104,0,0,0,0,0,0,3,336,6,11595,29200,235,1,32,0.0,0.0,0,0,0.0,0.0,0,0,DoS Hulk
80,16414,3,6,316,11595,316,0,105.3333333,182.4426851,5792,0,1932.5,2537.820147,725661.0211,548.3124162,2051.75,4573.927126,13102,6,2926,1463.0,2060.50916,2920,6,16394,3278.8,5634.146315,13102,46,0,0,0,0,104,200,182.7708054,365.5416108,0,5792,1191.1,2121.913625,4502517.433,0,0,0,1,0,0,0,0,2,1323.444444,105.3333333,1932.5,104,0,0,0,0,0,0,3,316,6,11595,29200,235,1,32,0.0,0.0,0,0,0.0,0.0,0,0,DoS Hulk
80,4053,3,6,353,11595,353,0,117.6666667,203.804645,7240,0,1932.5,2846.954847,2947939.798,2220.57735,506.625,890.4530047000002,2643,2,2983,1491.5,1924.037552,2852,131,3844,768.8,1219.254977,2891,2,0,0,0,0,104,200,740.19245,1480.3849,0,7240,1194.8,2328.142693,5420248.4,0,0,0,1,0,0,0,0,2,1327.555556,117.6666667,1932.5,104,0,0,0,0,0,0,3,353,6,11595,29200,235,1,32,0.0,0.0,0,0,0.0,0.0,0,0,DoS Hulk
80,15550,3,5,351,11595,351,0,117.0,202.6499445,7240,0,2319.0,3331.638186,768231.5113,514.4694534,2221.428571,3335.451187,7928,85,9026,4513.0,4956.818536,8018,1008,15460,3865.0,4491.435034,9104,85,0,0,0,0,104,168,192.926045,321.5434084,0,7240,1327.333333,2635.216642000001,6944366.75,0,0,0,1,0,0,0,0,1,1493.25,117.0,2319.0,104,0,0,0,0,0,0,3,351,5,11595,29200,235,1,32,0.0,0.0,0,0,0.0,0.0,0,0,DoS Hulk
80,3,2,0,0,0,0,0,0.0,0.0,0,0,0.0,0.0,0.0,666666.6667,3.0,0.0,3,3,3,3.0,0.0,3,3,0,0.0,0.0,0,0,0,0,0,0,64,0,666666.6667,0.0,0,0,0.0,0.0,0.0,0,0,0,0,1,0,0,0,0,0.0,0.0,0.0,64,0,0,0,0,0,0,2,0,0,0,274,-1,0,32,0.0,0.0,0,0,0.0,0.0,0,0,DoS Hulk
80,1893,3,7,348,11595,348,0,116.0,200.9178937,4344,0,1656.428571,1760.597234,6309033.281,5282.62018,210.3333333,237.8592021,769,3,967,483.5,584.7773080000002,897,70,1765,294.1666667,351.9019276,956,3,0,0,0,0,104,232,1584.786054,3697.834126,0,4344,1085.727273,1579.834427,2495876.818,0,0,0,1,0,0,0,0,2,1194.3,116.0,1656.428571,104,0,0,0,0,0,0,3,348,7,11595,29200,235,1,32,0.0,0.0,0,0,0.0,0.0,0,0,DoS Hulk
80,41756,3,6,370,11595,370,0,123.3333333,213.6195996,4344,0,1932.5,1754.831473,286545.6461,215.5378868,5219.5,10859.19842,30424,17,11011,5505.5,7716.656303,10962,49,41644,8328.8,13219.3235,30424,17,0,0,0,0,104,200,71.84596226,143.6919245,0,4344,1196.5,1620.194861,2625031.389,0,0,0,1,0,0,0,0,2,1329.444444,123.3333333,1932.5,104,0,0,0,0,0,0,3,370,6,11595,29200,235,1,32,0.0,0.0,0,0,0.0,0.0,0,0,DoS Hulk
80,8604,3,6,358,11595,358,0,119.3333333,206.6913964,7240,0,1932.5,2695.639126,1389237.564,1046.0251050000004,1075.5,1536.5161890000004,3890,74,4953,2476.5,2140.412227,3990,963,8504,1700.8,2274.367099,5048,74,0,0,0,0,104,200,348.6750349,697.3500697000002,0,7240,1195.3,2225.619317,4953381.344,0,0,0,1,0,0,0,0,2,1328.111111,119.3333333,1932.5,104,0,0,0,0,0,0,3,358,6,11595,29200,235,1,32,0.0,0.0,0,0,0.0,0.0,0,0,DoS Hulk
80,6776,3,4,345,11595,345,0,115.0,199.1858429,8699,0,2898.75,4100.748336,1762101.535,1033.057851,1129.333333,2388.165712,5998,7,6032,3016.0,4255.368609,6025,7,6749,2249.666667,3458.009013000001,6242,192,0,0,0,0,104,136,442.7390791,590.3187721,0,8699,1492.5,3078.91428,9479713.143,0,0,0,1,0,0,0,0,1,1705.714286,115.0,2898.75,104,0,0,0,0,0,0,3,345,4,11595,29200,235,1,32,0.0,0.0,0,0,0.0,0.0,0,0,DoS Hulk
80,1381,3,4,372,11595,372,0,124.0,214.7743001,11595,0,2898.75,5797.5,8665459.812,5068.790731,230.1666667,273.3835523,597,5,739,369.5,371.2310601,632,107,1346,448.6666667,398.9816203,778,5,0,0,0,0,104,136,2172.338885,2896.451846,0,11595,1495.875,4082.7384520000014,16700000.0,0,0,0,1,0,0,0,0,1,1709.571429,124.0,2898.75,104,0,0,0,0,0,0,3,372,4,11595,29200,235,1,32,0.0,0.0,0,0,0.0,0.0,0,0,DoS Hulk
80,17501,3,6,316,11595,316,0,105.3333333,182.4426851,5792,0,1932.5,2181.008184,680589.6806,514.2563282,2187.625,3991.789178,11138,15,6000,3000.0,2805.799708,4984,1016,17486,3497.2,4991.412996,11138,38,0,0,0,0,104,200,171.4187761,342.8375521000001,0,5792,1191.1,1888.679283,3567109.433,0,0,0,1,0,0,0,0,2,1323.444444,105.3333333,1932.5,104,0,0,0,0,0,0,3,316,6,11595,29200,235,1,32,0.0,0.0,0,0,0.0,0.0,0,0,DoS Hulk
80,992,2,0,0,0,0,0,0.0,0.0,0,0,0.0,0.0,0.0,2016.129032,992.0,0.0,992,992,992,992.0,0.0,992,992,0,0.0,0.0,0,0,0,0,0,0,64,0,2016.129032,0.0,0,0,0.0,0.0,0.0,0,0,0,0,1,0,0,0,0,0.0,0.0,0.0,64,0,0,0,0,0,0,2,0,0,0,251,-1,0,32,0.0,0.0,0,0,0.0,0.0,0,0,DoS Hulk
80,40164,3,6,324,11595,324,0,108.0,187.0614872,4344,0,1932.5,1754.831473,296758.291,224.0812668,5020.5,10275.89491,28670,4,10975,5487.5,7754.840069,10971,4,40087,8017.4,12463.36477,28670,15,0,0,0,0,104,200,74.6937556,149.3875112,0,4344,1191.9,1622.865261,2633691.656,0,0,0,1,0,0,0,0,2,1324.333333,108.0,1932.5,104,0,0,0,0,0,0,3,324,6,11595,29200,235,1,32,0.0,0.0,0,0,0.0,0.0,0,0,DoS Hulk
80,35912,3,7,324,11595,324,0,108.0,187.0614872,5792,0,1656.428571,2118.2272350000007,331894.6313,278.458454,3990.222222,8458.184421,24381,4,11016,5508.0,7783.831447,11012,4,35905,5984.166667,10023.88824,24381,15,0,0,0,0,104,232,83.5375362,194.9209178,0,5792,1083.5454550000004,1825.316595,3331780.673,0,0,0,1,0,0,0,0,2,1191.9,108.0,1656.428571,104,0,0,0,0,0,0,3,324,7,11595,29200,235,1,32,0.0,0.0,0,0,0.0,0.0,0,0,DoS Hulk
80,49916,3,7,350,11595,350,0,116.6666667,202.0725942,4344,0,1656.428571,1757.579003,239302.0274,200.3365654,5546.222222,12555.64691,37347,4,12001,6000.5,8480.331627,11997,4,49882,8313.666667,15004.75398,37347,38,0,0,0,0,104,232,60.10096963,140.2355958,0,4344,1085.909091,1577.723325,2489210.891,0,0,0,1,0,0,0,0,2,1194.5,116.6666667,1656.428571,104,0,0,0,0,0,0,3,350,7,11595,29200,235,1,32,0.0,0.0,0,0,0.0,0.0,0,0,DoS Hulk
80,1550,3,6,372,11595,372,0,124.0,214.7743001,5792,0,1932.5,2537.820147,7720645.161,5806.451613,193.75,262.93983560000004,658,3,669,334.5,402.3437585,619,50,1503,300.6,366.3137999,742,3,0,0,0,0,104,200,1935.483871,3870.967742,0,5792,1196.7,2119.419944,4491940.9,0,0,0,1,0,0,0,0,2,1329.666667,124.0,1932.5,104,0,0,0,0,0,0,3,372,6,11595,29200,235,1,32,0.0,0.0,0,0,0.0,0.0,0,0,DoS Hulk
80,3,2,0,0,0,0,0,0.0,0.0,0,0,0.0,0.0,0.0,666666.6667,3.0,0.0,3,3,3,3.0,0.0,3,3,0,0.0,0.0,0,0,0,0,0,0,64,0,666666.6667,0.0,0,0,0.0,0.0,0.0,0,0,0,0,1,0,0,0,0,0.0,0.0,0.0,64,0,0,0,0,0,0,2,0,0,0,274,-1,0,32,0.0,0.0,0,0,0.0,0.0,0,0,DoS Hulk
80,3,2,0,0,0,0,0,0.0,0.0,0,0,0.0,0.0,0.0,666666.6667,3.0,0.0,3,3,3,3.0,0.0,3,3,0,0.0,0.0,0,0,0,0,0,0,64,0,666666.6667,0.0,0,0,0.0,0.0,0.0,0,0,0,0,1,0,0,0,0,0.0,0.0,0.0,64,0,0,0,0,0,0,2,0,0,0,251,-1,0,32,0.0,0.0,0,0,0.0,0.0,0,0,DoS Hulk
80,33328,3,6,373,11595,373,0,124.3333333,215.3516504,8688,0,1932.5,3384.303045,359097.4556,270.0432069,4166.0,8095.883416,21854,2,11018,5509.0,7782.417234,11012,6,33269,6653.8,9701.214677,21854,70,0,0,0,0,104,200,90.01440229999999,180.02880459999997,0,8688,1196.8,2697.544142,7276744.4,0,0,0,1,0,0,0,0,2,1329.777778,124.3333333,1932.5,104,0,0,0,0,0,0,3,373,6,11595,29200,235,1,32,0.0,0.0,0,0,0.0,0.0,0,0,DoS Hulk
80,6776,3,4,345,11595,345,0,115.0,199.1858429,8699,0,2898.75,4100.748336,1762101.535,1033.057851,1129.333333,2388.165712,5998,7,6032,3016.0,4255.368609,6025,7,6749,2249.666667,3458.009013000001,6242,192,0,0,0,0,104,136,442.7390791,590.3187721,0,8699,1492.5,3078.91428,9479713.143,0,0,0,1,0,0,0,0,1,1705.714286,115.0,2898.75,104,0,0,0,0,0,0,3,345,4,11595,29200,235,1,32,0.0,0.0,0,0,0.0,0.0,0,0,DoS Hulk
80,33492,3,5,320,11595,320,0,106.6666667,184.7520861,5792,0,2319.0,3170.403917,355756.5986,238.8630121,4784.571429,8641.123072,22069,5,11018,5509.0,7782.417234,11012,6,33487,8371.75,10476.9853,22069,163,0,0,0,0,104,168,89.57362952,149.2893825,0,5792,1323.888889,2535.323275,6427864.111000001,0,0,0,1,0,0,0,0,1,1489.375,106.6666667,2319.0,104,0,0,0,0,0,0,3,320,5,11595,29200,235,1,32,0.0,0.0,0,0,0.0,0.0,0,0,DoS Hulk
80,1,2,0,0,0,0,0,0.0,0.0,0,0,0.0,0.0,0.0,2000000.0,1.0,0.0,1,1,1,1.0,0.0,1,1,0,0.0,0.0,0,0,0,0,0,0,64,0,2000000.0,0.0,0,0,0.0,0.0,0.0,0,0,0,0,1,0,0,0,0,0.0,0.0,0.0,64,0,0,0,0,0,0,2,0,0,0,274,-1,0,32,0.0,0.0,0,0,0.0,0.0,0,0,DoS Hulk
80,45764,3,5,366,11595,366,0,122.0,211.3101985,7240,0,2319.0,3003.171157,261362.6431,174.80989419999997,6537.714286,12897.8493,34296,3,11016,5508.0,7785.245661,11013,3,45752,11438.0,16108.97421,34296,57,0,0,0,0,104,168,65.55371034,109.2561839,0,7240,1329.0,2429.062062,5900342.5,0,0,0,1,0,0,0,0,1,1495.125,122.0,2319.0,104,0,0,0,0,0,0,3,366,5,11595,29200,235,1,32,0.0,0.0,0,0,0.0,0.0,0,0,DoS Hulk
80,3385,3,4,348,11595,348,0,116.0,200.9178937,11595,0,2898.75,5797.5,3528212.703,2067.946824,564.1666667000002,600.6181538,1588,45,2129,1064.5,803.9804102,1633,496,3340,1113.333333,1018.982008,2206,189,0,0,0,0,104,136,886.2629247000001,1181.6839,0,11595,1492.875,4083.690958,16700000.0,0,0,0,1,0,0,0,0,1,1706.142857,116.0,2898.75,104,0,0,0,0,0,0,3,348,4,11595,29200,235,1,32,0.0,0.0,0,0,0.0,0.0,0,0,DoS Hulk
80,2791,3,5,306,11595,306,0,102.0,176.6691824,10147,0,2319.0,4420.676079999998,4264063.06,2866.356145,398.7142857,652.6570601,1813,5,1916,958.0,1234.60844,1831,85,2773,693.25,910.4626571,2012,5,0,0,0,0,104,168,1074.883554,1791.47259,0,10147,1322.333333,3343.180746,11200000.0,0,0,0,1,0,0,0,0,1,1487.625,102.0,2319.0,104,0,0,0,0,0,0,3,306,5,11595,29200,235,1,32,0.0,0.0,0,0,0.0,0.0,0,0,DoS Hulk
80,14625,3,6,362,11595,362,0,120.6666667,209.0007974,5803,0,1932.5,2539.075088,817572.6496,615.3846154,1828.125,3840.668559,11001,1,3058,1529.0,2160.918323,3057,1,14542,2908.4,4726.27441,11001,49,0,0,0,0,104,200,205.1282051,410.2564103,0,5803,1195.7,2120.689304,4497323.122,0,0,0,1,0,0,0,0,2,1328.555556,120.6666667,1932.5,104,0,0,0,0,0,0,3,362,6,11595,29200,235,1,32,0.0,0.0,0,0,0.0,0.0,0,0,DoS Hulk
80,28159,3,8,411,11595,411,0,137.0,237.2909606,4344,0,1449.375,1546.511368,426364.5726,390.6388721,2815.9,5993.162687,17431,7,10018,5009.0,7073.896239,10011,7,28077,4011.0,6965.197126000001,17431,22,0,0,0,0,104,264,106.5378742,284.1009979,0,4344,1000.5,1404.677349,1973118.455,0,0,0,1,0,0,0,0,2,1091.4545449999996,137.0,1449.375,104,0,0,0,0,0,0,3,411,8,11595,29200,235,1,32,0.0,0.0,0,0,0.0,0.0,0,0,DoS Hulk
80,2758,3,5,382,11595,382,0,127.3333333,220.5478028,10147,0,2319.0,4420.676079999998,4342639.594,2900.652647,394.0,592.1137278,1578,4,1749,874.5,1059.953065,1624,125,2712,678.0,824.6643762,1790,4,0,0,0,0,104,168,1087.744743,1812.907904,0,10147,1330.777778,3340.387544,11200000.0,0,0,0,1,0,0,0,0,1,1497.125,127.3333333,2319.0,104,0,0,0,0,0,0,3,382,5,11595,29200,235,1,32,0.0,0.0,0,0,0.0,0.0,0,0,DoS Hulk
80,497,4,0,0,0,0,0,0.0,0.0,0,0,0.0,0.0,0.0,8048.289737999998,165.66666669999995,153.20683190000003,304,1,497,165.66666669999995,153.20683190000003,304,1,0,0.0,0.0,0,0,0,0,0,0,128,0,8048.289737999998,0.0,0,0,0.0,0.0,0.0,0,0,0,0,1,0,0,0,0,0.0,0.0,0.0,128,0,0,0,0,0,0,4,0,0,0,251,-1,0,32,0.0,0.0,0,0,0.0,0.0,0,0,DoS Hulk
80,14625,3,6,362,11595,362,0,120.6666667,209.0007974,5803,0,1932.5,2539.075088,817572.6496,615.3846154,1828.125,3840.668559,11001,1,3058,1529.0,2160.918323,3057,1,14542,2908.4,4726.27441,11001,49,0,0,0,0,104,200,205.1282051,410.2564103,0,5803,1195.7,2120.689304,4497323.122,0,0,0,1,0,0,0,0,2,1328.555556,120.6666667,1932.5,104,0,0,0,0,0,0,3,362,6,11595,29200,235,1,32,0.0,0.0,0,0,0.0,0.0,0,0,DoS Hulk
80,34133,3,5,347,11595,347,0,115.6666667,200.3405434,8688,0,2319.0,3774.237539,349866.6979,234.37728880000003,4876.142857,8823.144893,22660,4,11018,5509.0,7785.245661,11014,4,34072,8518.0,10725.24433,22660,187,0,0,0,0,104,168,87.89148332,146.4858055,0,8688,1326.888889,2918.539508,8517872.861,0,0,0,1,0,0,0,0,1,1492.75,115.6666667,2319.0,104,0,0,0,0,0,0,3,347,5,11595,29200,235,1,32,0.0,0.0,0,0,0.0,0.0,0,0,DoS Hulk
80,57677,3,7,361,11595,361,0,120.3333333,208.4234472,4344,0,1656.428571,1757.579003,207292.3349,173.37933669999995,6408.555556,14563.23868,44095,47,13005,6502.5,6351.940215,10994,2011,57537,9589.5,17667.24711,44095,47,0,0,0,0,104,232,52.013801,121.3655357,0,4344,1086.909091,1577.213648,2487602.891,0,0,0,1,0,0,0,0,2,1195.6,120.3333333,1656.428571,104,0,0,0,0,0,0,3,361,7,11595,29200,235,1,32,0.0,0.0,0,0,0.0,0.0,0,0,DoS Hulk
80,0,2,0,0,0,0,0,0.0,0.0,0,0,0.0,0.0,,inf,0.0,0.0,0,0,0,0.0,0.0,0,0,0,0.0,0.0,0,0,0,0,0,0,64,0,0.0,0.0,0,0,0.0,0.0,0.0,0,0,0,0,1,0,0,0,0,0.0,0.0,0.0,64,0,0,0,0,0,0,2,0,0,0,274,-1,0,32,0.0,0.0,0,0,0.0,0.0,0,0,DoS Hulk
80,2934,3,6,324,11595,324,0,108.0,187.0614872,5792,0,1932.5,2537.820147,4062372.188,3067.484663,366.75,822.7054238,2398,4,2472,1236.0,1742.311109,2468,4,2864,572.8,1093.0039800000004,2525,48,0,0,0,0,104,200,1022.494888,2044.989775,0,5792,1191.9,2121.548515,4500968.1,0,0,0,1,0,0,0,0,2,1324.333333,108.0,1932.5,104,0,0,0,0,0,0,3,324,6,11595,29200,235,1,32,0.0,0.0,0,0,0.0,0.0,0,0,DoS Hulk
80,9877,3,5,335,11595,335,0,111.6666667,193.4123402,5792,0,2319.0,3170.403917,1207856.637,809.9625392,1411.0,3059.993355,8328,3,9117,4558.5,5335.120664,8331,786,9874,2468.5,4557.000512,9304,188,0,0,0,0,104,168,303.7359522,506.226587,0,5792,1325.555556,2534.585672,6424124.528,0,0,0,1,0,0,0,0,1,1491.25,111.6666667,2319.0,104,0,0,0,0,0,0,3,335,5,11595,29200,235,1,32,0.0,0.0,0,0,0.0,0.0,0,0,DoS Hulk
80,57677,3,7,361,11595,361,0,120.3333333,208.4234472,4344,0,1656.428571,1757.579003,207292.3349,173.37933669999995,6408.555556,14563.23868,44095,47,13005,6502.5,6351.940215,10994,2011,57537,9589.5,17667.24711,44095,47,0,0,0,0,104,232,52.013801,121.3655357,0,4344,1086.909091,1577.213648,2487602.891,0,0,0,1,0,0,0,0,2,1195.6,120.3333333,1656.428571,104,0,0,0,0,0,0,3,361,7,11595,29200,235,1,32,0.0,0.0,0,0,0.0,0.0,0,0,DoS Hulk
80,13305,2,2,12,0,6,6,6.0,0.0,0,0,0.0,0.0,901.9165727,300.63885760000005,4435.0,5827.293454,11060,103,2245,2245.0,0.0,2245,2245,13202,13202.0,0.0,13202,13202,0,0,0,0,40,64,150.31942880000003,150.31942880000003,0,6,3.6,3.286335345,10.8,1,0,0,0,0,0,0,0,1,4.5,6.0,0.0,40,0,0,0,0,0,0,2,12,2,0,0,235,1,20,0.0,0.0,0,0,0.0,0.0,0,0,DoS Hulk
80,4625,3,5,358,11595,358,0,119.3333333,206.6913964,10147,0,2319.0,4420.676079999998,2584432.432,1729.72973,660.7142857000001,994.6250071,2797,29,3035,1517.5,1850.498446,2826,209,4596,1149.0,1362.639351,3121,196,0,0,0,0,104,168,648.6486486,1081.081081,0,10147,1328.111111,3341.249109,11200000.0,0,0,0,1,0,0,0,0,1,1494.125,119.3333333,2319.0,104,0,0,0,0,0,0,3,358,5,11595,29200,235,1,32,0.0,0.0,0,0,0.0,0.0,0,0,DoS Hulk
80,45764,3,5,366,11595,366,0,122.0,211.3101985,7240,0,2319.0,3003.171157,261362.6431,174.80989419999997,6537.714286,12897.8493,34296,3,11016,5508.0,7785.245661,11013,3,45752,11438.0,16108.97421,34296,57,0,0,0,0,104,168,65.55371034,109.2561839,0,7240,1329.0,2429.062062,5900342.5,0,0,0,1,0,0,0,0,1,1495.125,122.0,2319.0,104,0,0,0,0,0,0,3,366,5,11595,29200,235,1,32,0.0,0.0,0,0,0.0,0.0,0,0,DoS Hulk
80,1,2,0,0,0,0,0,0.0,0.0,0,0,0.0,0.0,0.0,2000000.0,1.0,0.0,1,1,1,1.0,0.0,1,1,0,0.0,0.0,0,0,0,0,0,0,64,0,2000000.0,0.0,0,0,0.0,0.0,0.0,0,0,0,0,1,0,0,0,0,0.0,0.0,0.0,64,0,0,0,0,0,0,2,0,0,0,274,-1,0,32,0.0,0.0,0,0,0.0,0.0,0,0,DoS Hulk
80,49916,3,7,350,11595,350,0,116.6666667,202.0725942,4344,0,1656.428571,1757.579003,239302.0274,200.3365654,5546.222222,12555.64691,37347,4,12001,6000.5,8480.331627,11997,4,49882,8313.666667,15004.75398,37347,38,0,0,0,0,104,232,60.10096963,140.2355958,0,4344,1085.909091,1577.723325,2489210.891,0,0,0,1,0,0,0,0,2,1194.5,116.6666667,1656.428571,104,0,0,0,0,0,0,3,350,7,11595,29200,235,1,32,0.0,0.0,0,0,0.0,0.0,0,0,DoS Hulk
80,992,2,0,0,0,0,0,0.0,0.0,0,0,0.0,0.0,0.0,2016.129032,992.0,0.0,992,992,992,992.0,0.0,992,992,0,0.0,0.0,0,0,0,0,0,0,64,0,2016.129032,0.0,0,0,0.0,0.0,0.0,0,0,0,0,1,0,0,0,0,0.0,0.0,0.0,64,0,0,0,0,0,0,2,0,0,0,251,-1,0,32,0.0,0.0,0,0,0.0,0.0,0,0,DoS Hulk
80,61425,3,4,360,11595,360,0,120.0,207.8460969,7251,0,2898.75,3551.3532979999995,194627.5946,113.960114,10237.5,22075.20773,55058,2,5998,2999.0,4238.398046,5996,2,61254,20418.0,30142.54749,55058,161,0,0,0,0,104,136,48.84004884,65.12006512,0,7251,1494.375,2770.0356850000007,7673097.696,0,0,0,1,0,0,0,0,1,1707.857143,120.0,2898.75,104,0,0,0,0,0,0,3,360,4,11595,29200,235,1,32,0.0,0.0,0,0,0.0,0.0,0,0,DoS Hulk
80,684,2,0,0,0,0,0,0.0,0.0,0,0,0.0,0.0,0.0,2923.976608,684.0,0.0,684,684,684,684.0,0.0,684,684,0,0.0,0.0,0,0,0,0,0,0,64,0,2923.976608,0.0,0,0,0.0,0.0,0.0,0,0,0,0,1,0,0,0,0,0.0,0.0,0.0,64,0,0,0,0,0,0,2,0,0,0,251,-1,0,32,0.0,0.0,0,0,0.0,0.0,0,0,DoS Hulk
80,32893,3,6,367,11595,367,0,122.3333333,211.8875488,4344,0,1932.5,1754.831473,363664.0015,273.61444680000005,4111.625,8219.766697,22540,4,10058,5029.0,7106.423151000001,10054,4,32844,6568.8,9916.001044,22540,15,0,0,0,0,104,200,91.20481561,182.4096312,0,4344,1196.2,1620.365171,2625583.289,0,0,0,1,0,0,0,0,2,1329.111111,122.3333333,1932.5,104,0,0,0,0,0,0,3,367,6,11595,29200,235,1,32,0.0,0.0,0,0,0.0,0.0,0,0,DoS Hulk
80,1,2,0,0,0,0,0,0.0,0.0,0,0,0.0,0.0,0.0,2000000.0,1.0,0.0,1,1,1,1.0,0.0,1,1,0,0.0,0.0,0,0,0,0,0,0,64,0,2000000.0,0.0,0,0,0.0,0.0,0.0,0,0,0,0,1,0,0,0,0,0.0,0.0,0.0,64,0,0,0,0,0,0,2,0,0,0,274,-1,0,32,0.0,0.0,0,0,0.0,0.0,0,0,DoS Hulk
80,42558,3,5,303,11595,303,0,101.0,174.9371316,7240,0,2319.0,3331.638186,279571.4084,187.9787584,6079.714286,11765.36847,31185,49,11016,5508.0,7720.191837,10967,49,42394,10598.5,14645.06389,31185,84,0,0,0,0,104,168,70.49203440000002,117.486724,0,7240,1322.0,2637.487204,6956338.75,0,0,0,1,0,0,0,0,1,1487.25,101.0,2319.0,104,0,0,0,0,0,0,3,303,5,11595,29200,235,1,32,0.0,0.0,0,0,0.0,0.0,0,0,DoS Hulk
80,40688,3,6,357,11595,357,0,119.0,206.1140461,4344,0,1932.5,1754.831473,293747.5423,221.1954385,5086.0,10528.45361,29363,4,11013,5506.5,7781.7101269999985,11009,4,40663,8132.6,12781.81819,29363,16,0,0,0,0,104,200,73.73181282,147.4636256,0,4344,1195.2,1620.9367519999996,2627435.956,0,0,0,1,0,0,0,0,2,1328.0,119.0,1932.5,104,0,0,0,0,0,0,3,357,6,11595,29200,235,1,32,0.0,0.0,0,0,0.0,0.0,0,0,DoS Hulk
80,65661,3,6,325,11595,325,0,108.3333333,187.6388375,5792,0,1932.5,2181.008184,181538.5084,137.0676657,8207.625,20661.97156,59095,45,6026,3013.0,4187.486358,5974,52,65604,13120.8,25836.79547,59095,45,0,0,0,0,104,200,45.68922191,91.37844383,0,5792,1192.0,1888.218031,3565367.333,0,0,0,1,0,0,0,0,2,1324.444444,108.3333333,1932.5,104,0,0,0,0,0,0,3,325,6,11595,29200,235,1,32,0.0,0.0,0,0,0.0,0.0,0,0,DoS Hulk
80,65661,3,6,325,11595,325,0,108.3333333,187.6388375,5792,0,1932.5,2181.008184,181538.5084,137.0676657,8207.625,20661.97156,59095,45,6026,3013.0,4187.486358,5974,52,65604,13120.8,25836.79547,59095,45,0,0,0,0,104,200,45.68922191,91.37844383,0,5792,1192.0,1888.218031,3565367.333,0,0,0,1,0,0,0,0,2,1324.444444,108.3333333,1932.5,104,0,0,0,0,0,0,3,325,6,11595,29200,235,1,32,0.0,0.0,0,0,0.0,0.0,0,0,DoS Hulk
80,57602,3,6,317,11595,317,0,105.6666667,183.0200353,5792,0,1932.5,2181.008184,206798.3751,156.2445748,7200.25,16129.700180000002,45993,5,11069,5534.5,7819.893893,11064,5,57513,11502.6,19874.36912,45993,44,0,0,0,0,104,200,52.08152495,104.1630499,0,5792,1191.2,1888.627826,3566915.067,0,0,0,1,0,0,0,0,2,1323.555556,105.6666667,1932.5,104,0,0,0,0,0,0,3,317,6,11595,29200,235,1,32,0.0,0.0,0,0,0.0,0.0,0,0,DoS Hulk
80,1,2,0,0,0,0,0,0.0,0.0,0,0,0.0,0.0,0.0,2000000.0,1.0,0.0,1,1,1,1.0,0.0,1,1,0,0.0,0.0,0,0,0,0,0,0,64,0,2000000.0,0.0,0,0,0.0,0.0,0.0,0,0,0,0,1,0,0,0,0,0.0,0.0,0.0,64,0,0,0,0,0,0,2,0,0,0,274,-1,0,32,0.0,0.0,0,0,0.0,0.0,0,0,DoS Hulk
80,2758,3,5,382,11595,382,0,127.3333333,220.5478028,10147,0,2319.0,4420.676079999998,4342639.594,2900.652647,394.0,592.1137278,1578,4,1749,874.5,1059.953065,1624,125,2712,678.0,824.6643762,1790,4,0,0,0,0,104,168,1087.744743,1812.907904,0,10147,1330.777778,3340.387544,11200000.0,0,0,0,1,0,0,0,0,1,1497.125,127.3333333,2319.0,104,0,0,0,0,0,0,3,382,5,11595,29200,235,1,32,0.0,0.0,0,0,0.0,0.0,0,0,DoS Hulk
80,33923,3,7,364,11595,364,0,121.3333333,210.155498,4344,0,1656.428571,1757.579003,352533.6792,294.78524889999994,3769.222222,7874.060877,22446,5,10998,5499.0,7769.689312,10993,5,33883,5647.166667,9309.054354,22446,17,0,0,0,0,104,232,88.43557468,206.3496743,0,4344,1087.181818,1577.075827,2487168.164,0,0,0,1,0,0,0,0,2,1195.9,121.3333333,1656.428571,104,0,0,0,0,0,0,3,364,7,11595,29200,235,1,32,0.0,0.0,0,0,0.0,0.0,0,0,DoS Hulk
80,27734,3,7,301,11595,301,0,100.3333333,173.782431,5792,0,1656.428571,2118.2272350000007,428931.9968,360.5682556,3081.555556,6208.9784,17156,5,10052,5026.0,7100.766297,10047,5,27660,4610.0,7312.384536,17156,46,0,0,0,0,104,232,108.1704767,252.3977789,0,5792,1081.4545449999996,1826.28658,3335322.673,0,0,0,1,0,0,0,0,2,1189.6,100.3333333,1656.428571,104,0,0,0,0,0,0,3,301,7,11595,29200,235,1,32,0.0,0.0,0,0,0.0,0.0,0,0,DoS Hulk
80,9870,3,6,349,11595,349,0,116.3333333,201.4952439,5792,0,1932.5,2362.781391,1210131.712,911.8541033,1233.75,2822.72977,8196,50,9112,4556.0,5330.170917,8325,787,9741,1948.2,4038.433818,9171,50,0,0,0,0,104,200,303.9513678,607.9027356,0,5792,1194.4,2004.907989,4019656.044,0,0,0,1,0,0,0,0,2,1327.111111,116.3333333,1932.5,104,0,0,0,0,0,0,3,349,6,11595,29200,235,1,32,0.0,0.0,0,0,0.0,0.0,0,0,DoS Hulk
80,2758,3,5,382,11595,382,0,127.3333333,220.5478028,10147,0,2319.0,4420.676079999998,4342639.594,2900.652647,394.0,592.1137278,1578,4,1749,874.5,1059.953065,1624,125,2712,678.0,824.6643762,1790,4,0,0,0,0,104,168,1087.744743,1812.907904,0,10147,1330.777778,3340.387544,11200000.0,0,0,0,1,0,0,0,0,1,1497.125,127.3333333,2319.0,104,0,0,0,0,0,0,3,382,5,11595,29200,235,1,32,0.0,0.0,0,0,0.0,0.0,0,0,DoS Hulk
80,1,2,0,0,0,0,0,0.0,0.0,0,0,0.0,0.0,0.0,2000000.0,1.0,0.0,1,1,1,1.0,0.0,1,1,0,0.0,0.0,0,0,0,0,0,0,64,0,2000000.0,0.0,0,0,0.0,0.0,0.0,0,0,0,0,1,0,0,0,0,0.0,0.0,0.0,64,0,0,0,0,0,0,2,0,0,0,274,-1,0,32,0.0,0.0,0,0,0.0,0.0,0,0,DoS Hulk
80,15550,3,5,351,11595,351,0,117.0,202.6499445,7240,0,2319.0,3331.638186,768231.5113,514.4694534,2221.428571,3335.451187,7928,85,9026,4513.0,4956.818536,8018,1008,15460,3865.0,4491.435034,9104,85,0,0,0,0,104,168,192.926045,321.5434084,0,7240,1327.333333,2635.216642000001,6944366.75,0,0,0,1,0,0,0,0,1,1493.25,117.0,2319.0,104,0,0,0,0,0,0,3,351,5,11595,29200,235,1,32,0.0,0.0,0,0,0.0,0.0,0,0,DoS Hulk
80,6776,3,4,345,11595,345,0,115.0,199.1858429,8699,0,2898.75,4100.748336,1762101.535,1033.057851,1129.333333,2388.165712,5998,7,6032,3016.0,4255.368609,6025,7,6749,2249.666667,3458.009013000001,6242,192,0,0,0,0,104,136,442.7390791,590.3187721,0,8699,1492.5,3078.91428,9479713.143,0,0,0,1,0,0,0,0,1,1705.714286,115.0,2898.75,104,0,0,0,0,0,0,3,345,4,11595,29200,235,1,32,0.0,0.0,0,0,0.0,0.0,0,0,DoS Hulk
80,0,2,0,0,0,0,0,0.0,0.0,0,0,0.0,0.0,,inf,0.0,0.0,0,0,0,0.0,0.0,0,0,0,0.0,0.0,0,0,0,0,0,0,64,0,0.0,0.0,0,0,0.0,0.0,0.0,0,0,0,0,1,0,0,0,0,0.0,0.0,0.0,64,0,0,0,0,0,0,2,0,0,0,274,-1,0,32,0.0,0.0,0,0,0.0,0.0,0,0,DoS Hulk
80,55594,3,6,353,11595,353,0,117.6666667,203.804645,5792,0,1932.5,2181.008184,214915.2786,161.88797350000004,6949.25,16498.365130000002,47208,6,8000,4000.0,5648.368968,7994,6,55541,11108.2,20471.63186,47208,46,0,0,0,0,104,200,53.96265784,107.9253157,0,5792,1194.8,1886.809759,3560051.067,0,0,0,1,0,0,0,0,2,1327.555556,117.6666667,1932.5,104,0,0,0,0,0,0,3,353,6,11595,29200,235,1,32,0.0,0.0,0,0,0.0,0.0,0,0,DoS Hulk
80,41756,3,6,370,11595,370,0,123.3333333,213.6195996,4344,0,1932.5,1754.831473,286545.6461,215.5378868,5219.5,10859.19842,30424,17,11011,5505.5,7716.656303,10962,49,41644,8328.8,13219.3235,30424,17,0,0,0,0,104,200,71.84596226,143.6919245,0,4344,1196.5,1620.194861,2625031.389,0,0,0,1,0,0,0,0,2,1329.444444,123.3333333,1932.5,104,0,0,0,0,0,0,3,370,6,11595,29200,235,1,32,0.0,0.0,0,0,0.0,0.0,0,0,DoS Hulk
80,1381,3,4,372,11595,372,0,124.0,214.7743001,11595,0,2898.75,5797.5,8665459.812,5068.790731,230.1666667,273.3835523,597,5,739,369.5,371.2310601,632,107,1346,448.6666667,398.9816203,778,5,0,0,0,0,104,136,2172.338885,2896.451846,0,11595,1495.875,4082.7384520000014,16700000.0,0,0,0,1,0,0,0,0,1,1709.571429,124.0,2898.75,104,0,0,0,0,0,0,3,372,4,11595,29200,235,1,32,0.0,0.0,0,0,0.0,0.0,0,0,DoS Hulk
80,55657,3,6,372,11595,372,0,124.0,214.7743001,4344,0,1932.5,1754.831473,215013.3856,161.70472719999995,6957.125,16211.0209,46334,6,9004,4502.0,6358.304176,8998,6,55598,11119.6,20061.0228,46334,15,0,0,0,0,104,200,53.90157572,107.8031514,0,4344,1196.7,1620.08162,2624664.456,0,0,0,1,0,0,0,0,2,1329.666667,124.0,1932.5,104,0,0,0,0,0,0,3,372,6,11595,29200,235,1,32,0.0,0.0,0,0,0.0,0.0,0,0,DoS Hulk
80,57677,3,7,361,11595,361,0,120.3333333,208.4234472,4344,0,1656.428571,1757.579003,207292.3349,173.37933669999995,6408.555556,14563.23868,44095,47,13005,6502.5,6351.940215,10994,2011,57537,9589.5,17667.24711,44095,47,0,0,0,0,104,232,52.013801,121.3655357,0,4344,1086.909091,1577.213648,2487602.891,0,0,0,1,0,0,0,0,2,1195.6,120.3333333,1656.428571,104,0,0,0,0,0,0,3,361,7,11595,29200,235,1,32,0.0,0.0,0,0,0.0,0.0,0,0,DoS Hulk
80,2,2,0,0,0,0,0,0.0,0.0,0,0,0.0,0.0,0.0,1000000.0,2.0,0.0,2,2,2,2.0,0.0,2,2,0,0.0,0.0,0,0,0,0,0,0,64,0,1000000.0,0.0,0,0,0.0,0.0,0.0,0,0,0,0,1,0,0,0,0,0.0,0.0,0.0,64,0,0,0,0,0,0,2,0,0,0,274,-1,0,32,0.0,0.0,0,0,0.0,0.0,0,0,DoS Hulk
80,35873,3,6,353,11595,353,0,117.6666667,203.804645,5792,0,1932.5,2362.781391,333063.8642,250.8850668,4484.125,8731.0062,24360,14,11052,5526.0,6396.487943,10049,1003,35822,7164.4,10702.69334,24360,17,0,0,0,0,104,200,83.62835559,167.25671119999996,0,5792,1194.8,2004.720973,4018906.178,0,0,0,1,0,0,0,0,2,1327.555556,117.6666667,1932.5,104,0,0,0,0,0,0,3,353,6,11595,29200,235,1,32,0.0,0.0,0,0,0.0,0.0,0,0,DoS Hulk
80,2,2,0,0,0,0,0,0.0,0.0,0,0,0.0,0.0,0.0,1000000.0,2.0,0.0,2,2,2,2.0,0.0,2,2,0,0.0,0.0,0,0,0,0,0,0,64,0,1000000.0,0.0,0,0,0.0,0.0,0.0,0,0,0,0,1,0,0,0,0,0.0,0.0,0.0,64,0,0,0,0,0,0,2,0,0,0,274,-1,0,32,0.0,0.0,0,0,0.0,0.0,0,0,DoS Hulk
80,32285,3,4,357,11595,357,0,119.0,206.1140461,8688,0,2898.75,4095.5661700000014,370202.8806,216.8189562,5380.833333,8782.708772,20943,6,11017,5508.5,7781.7101269999985,11011,6,32262,10754.0,10382.63468,20943,188,0,0,0,0,104,136,92.92240979,123.89654640000002,0,8688,1494.0,3075.320053,9457593.429,0,0,0,1,0,0,0,0,1,1707.428571,119.0,2898.75,104,0,0,0,0,0,0,3,357,4,11595,29200,235,1,32,0.0,0.0,0,0,0.0,0.0,0,0,DoS Hulk
80,4357,3,6,326,11595,326,0,108.6666667,188.2161878,5792,0,1932.5,2537.820147,2736056.92,2065.641496,544.625,1181.589116,3464,48,3798,1899.0,2446.589463,3629,169,4192,838.4,1594.887551,3688,48,0,0,0,0,104,200,688.5471655,1377.094331,0,5792,1192.1,2121.457699,4500582.767,0,0,0,1,0,0,0,0,2,1324.555556,108.6666667,1932.5,104,0,0,0,0,0,0,3,326,6,11595,29200,235,1,32,0.0,0.0,0,0,0.0,0.0,0,0,DoS Hulk
80,0,2,0,0,0,0,0,0.0,0.0,0,0,0.0,0.0,,inf,0.0,0.0,0,0,0,0.0,0.0,0,0,0,0.0,0.0,0,0,0,0,0,0,64,0,0.0,0.0,0,0,0.0,0.0,0.0,0,0,0,0,1,0,0,0,0,0.0,0.0,0.0,64,0,0,0,0,0,0,2,0,0,0,274,-1,0,32,0.0,0.0,0,0,0.0,0.0,0,0,DoS Hulk
80,45764,3,5,366,11595,366,0,122.0,211.3101985,7240,0,2319.0,3003.171157,261362.6431,174.80989419999997,6537.714286,12897.8493,34296,3,11016,5508.0,7785.245661,11013,3,45752,11438.0,16108.97421,34296,57,0,0,0,0,104,168,65.55371034,109.2561839,0,7240,1329.0,2429.062062,5900342.5,0,0,0,1,0,0,0,0,1,1495.125,122.0,2319.0,104,0,0,0,0,0,0,3,366,5,11595,29200,235,1,32,0.0,0.0,0,0,0.0,0.0,0,0,DoS Hulk
80,15550,3,5,351,11595,351,0,117.0,202.6499445,7240,0,2319.0,3331.638186,768231.5113,514.4694534,2221.428571,3335.451187,7928,85,9026,4513.0,4956.818536,8018,1008,15460,3865.0,4491.435034,9104,85,0,0,0,0,104,168,192.926045,321.5434084,0,7240,1327.333333,2635.216642000001,6944366.75,0,0,0,1,0,0,0,0,1,1493.25,117.0,2319.0,104,0,0,0,0,0,0,3,351,5,11595,29200,235,1,32,0.0,0.0,0,0,0.0,0.0,0,0,DoS Hulk
80,52581,3,4,373,11595,373,0,124.3333333,215.3516504,8688,0,2898.75,4095.5661700000014,227610.7339,133.1279359,8763.5,16396.27795,41285,46,11051,5525.5,6397.195049,10049,1002,52506,17502.0,21295.71903,41285,199,0,0,0,0,104,136,57.05482969,76.07310626,0,8688,1496.0,3074.480072,9452427.714,0,0,0,1,0,0,0,0,1,1709.714286,124.3333333,2898.75,104,0,0,0,0,0,0,3,373,4,11595,29200,235,1,32,0.0,0.0,0,0,0.0,0.0,0,0,DoS Hulk
80,4357,3,6,326,11595,326,0,108.6666667,188.2161878,5792,0,1932.5,2537.820147,2736056.92,2065.641496,544.625,1181.589116,3464,48,3798,1899.0,2446.589463,3629,169,4192,838.4,1594.887551,3688,48,0,0,0,0,104,200,688.5471655,1377.094331,0,5792,1192.1,2121.457699,4500582.767,0,0,0,1,0,0,0,0,2,1324.555556,108.6666667,1932.5,104,0,0,0,0,0,0,3,326,6,11595,29200,235,1,32,0.0,0.0,0,0,0.0,0.0,0,0,DoS Hulk
80,47923,3,6,367,11595,367,0,122.3333333,211.8875488,5792,0,1932.5,2181.008184,249608.7474,187.8012645,5990.375,12929.19538,36572,5,10997,5498.5,7768.982204999998,10992,5,47870,9574.0,15820.97811,36572,14,0,0,0,0,104,200,62.60042151,125.200843,0,5792,1196.2,1886.120816,3557451.733,0,0,0,1,0,0,0,0,2,1329.111111,122.3333333,1932.5,104,0,0,0,0,0,0,3,367,6,11595,29200,235,1,32,0.0,0.0,0,0,0.0,0.0,0,0,DoS Hulk
80,44731,3,5,351,11595,351,0,117.0,202.6499445,5792,0,2319.0,3170.403917,267063.1106,178.84688469999998,6390.142857,12108.17186,32336,84,12008,6004.0,7065.410958,11000,1008,44630,11157.5,15197.76967,32336,84,0,0,0,0,104,168,67.06758177,111.7793029,0,5792,1327.333333,2533.809533,6420190.75,0,0,0,1,0,0,0,0,1,1493.25,117.0,2319.0,104,0,0,0,0,0,0,3,351,5,11595,29200,235,1,32,0.0,0.0,0,0,0.0,0.0,0,0,DoS Hulk
80,984,2,0,0,0,0,0,0.0,0.0,0,0,0.0,0.0,0.0,2032.520325,984.0,0.0,984,984,984,984.0,0.0,984,984,0,0.0,0.0,0,0,0,0,0,0,64,0,2032.520325,0.0,0,0,0.0,0.0,0.0,0,0,0,0,1,0,0,0,0,0.0,0.0,0.0,64,0,0,0,0,0,0,2,0,0,0,274,-1,0,32,0.0,0.0,0,0,0.0,0.0,0,0,DoS Hulk
80,0,2,0,0,0,0,0,0.0,0.0,0,0,0.0,0.0,,inf,0.0,0.0,0,0,0,0.0,0.0,0,0,0,0.0,0.0,0,0,0,0,0,0,64,0,0.0,0.0,0,0,0.0,0.0,0.0,0,0,0,0,1,0,0,0,0,0.0,0.0,0.0,64,0,0,0,0,0,0,2,0,0,0,274,-1,0,32,0.0,0.0,0,0,0.0,0.0,0,0,DoS Hulk
80,80554,3,6,352,11595,352,0,117.3333333,203.2272948,5792,0,1932.5,2181.008184,148310.4501,111.7262954,10069.25,24511.74173,70140,4,10015,5007.5,7076.017559000001,10011,4,80402,16080.4,30521.32994,70140,45,0,0,0,0,104,200,37.24209847,74.48419694,0,5792,1194.7,1886.859357,3560238.233,0,0,0,1,0,0,0,0,2,1327.444444,117.3333333,1932.5,104,0,0,0,0,0,0,3,352,6,11595,29200,235,1,32,0.0,0.0,0,0,0.0,0.0,0,0,DoS Hulk
80,49830,3,6,369,11595,369,0,123.0,213.04224930000004,4344,0,1932.5,1754.831473,240096.3275,180.6140879,6228.75,13580.00668,38495,4,10994,5497.0,7768.275098,10990,4,49766,9953.2,16641.783580000007,38495,16,0,0,0,0,104,200,60.20469597,120.4093919,0,4344,1196.4,1620.251572,2625215.156,0,0,0,1,0,0,0,0,2,1329.333333,123.0,1932.5,104,0,0,0,0,0,0,3,369,6,11595,29200,235,1,32,0.0,0.0,0,0,0.0,0.0,0,0,DoS Hulk
80,3,2,0,0,0,0,0,0.0,0.0,0,0,0.0,0.0,0.0,666666.6667,3.0,0.0,3,3,3,3.0,0.0,3,3,0,0.0,0.0,0,0,0,0,0,0,64,0,666666.6667,0.0,0,0,0.0,0.0,0.0,0,0,0,0,1,0,0,0,0,0.0,0.0,0.0,64,0,0,0,0,0,0,2,0,0,0,251,-1,0,32,0.0,0.0,0,0,0.0,0.0,0,0,DoS Hulk
80,35950,3,6,412,11595,412,0,137.33333330000002,237.8683109,4344,0,1932.5,1754.831473,333991.6551,250.3477051,4493.75,8594.654697,23636,16,12007,6003.5,7063.289637000001,10998,1009,35856,7171.2,10543.75558,23636,16,0,0,0,0,104,200,83.44923505,166.8984701,0,4344,1200.7,1617.867049,2617493.789,0,0,0,1,0,0,0,0,2,1334.111111,137.33333330000002,1932.5,104,0,0,0,0,0,0,3,412,6,11595,29200,235,1,32,0.0,0.0,0,0,0.0,0.0,0,0,DoS Hulk
80,74684,3,6,319,11595,319,0,106.3333333,184.17473590000003,4344,0,1932.5,1977.812908,159525.4673,120.5077393,9335.5,22388.00398,64224,34,10030,5015.0,5608.770988,8981,1049,74641,14928.2,27894.45757,64224,34,0,0,0,0,104,200,40.16924642,80.33849285,0,4344,1191.4,1759.8446399999998,3097053.1560000004,0,0,0,1,0,0,0,0,2,1323.777778,106.3333333,1932.5,104,0,0,0,0,0,0,3,319,6,11595,29200,235,1,32,0.0,0.0,0,0,0.0,0.0,0,0,DoS Hulk
80,41529,3,5,349,11595,349,0,116.3333333,201.4952439,5792,0,2319.0,3170.403917,287606.2511,192.6364709,5932.714286,11410.87271,30129,28,11158,5579.0,7629.682169,10974,184,41501,10375.25,14170.56445,30164,84,0,0,0,0,104,168,72.23867659,120.3977943,0,5792,1327.111111,2533.90595,6420679.361000001,0,0,0,1,0,0,0,0,1,1493.0,116.3333333,2319.0,104,0,0,0,0,0,0,3,349,5,11595,29200,235,1,32,0.0,0.0,0,0,0.0,0.0,0,0,DoS Hulk
80,23295,3,7,360,11595,360,0,120.0,207.8460969,4344,0,1656.428571,1757.579003,513200.2576,429.2766688,2588.333333,4997.457604,12729,17,10046,5023.0,7035.712473000001,9998,48,23195,3865.833333,5878.374279,12729,17,0,0,0,0,104,232,128.7830006,300.4936682,0,4344,1086.818182,1577.259701,2487748.164,0,0,0,1,0,0,0,0,2,1195.5,120.0,1656.428571,104,0,0,0,0,0,0,3,360,7,11595,29200,235,1,32,0.0,0.0,0,0,0.0,0.0,0,0,DoS Hulk
80,60550,3,6,412,11595,412,0,137.33333330000002,237.8683109,5792,0,1932.5,2181.008184,198298.9265,148.63748969999997,7568.75,18199.47654,52100,5,8000,4000.0,5649.783182,7995,5,60451,12090.2,22630.63763,52100,45,0,0,0,0,104,200,49.54582989,99.09165979,0,5792,1200.7,1883.975115,3549362.233,0,0,0,1,0,0,0,0,2,1334.111111,137.33333330000002,1932.5,104,0,0,0,0,0,0,3,412,6,11595,29200,235,1,32,0.0,0.0,0,0,0.0,0.0,0,0,DoS Hulk
80,42558,3,5,303,11595,303,0,101.0,174.9371316,7240,0,2319.0,3331.638186,279571.4084,187.9787584,6079.714286,11765.36847,31185,49,11016,5508.0,7720.191837,10967,49,42394,10598.5,14645.06389,31185,84,0,0,0,0,104,168,70.49203440000002,117.486724,0,7240,1322.0,2637.487204,6956338.75,0,0,0,1,0,0,0,0,1,1487.25,101.0,2319.0,104,0,0,0,0,0,0,3,303,5,11595,29200,235,1,32,0.0,0.0,0,0,0.0,0.0,0,0,DoS Hulk
80,48064,3,7,340,11595,340,0,113.3333333,196.2990915,4344,0,1656.428571,1757.579003,248314.747,208.0559254,5340.444444,11980.82003,35550,16,12030,6015.0,8437.198113,11981,49,47962,7993.666667,14308.37293,35550,16,0,0,0,0,104,232,62.41677763,145.63914780000005,0,4344,1085.0,1578.192574,2490691.8,0,0,0,1,0,0,0,0,2,1193.5,113.3333333,1656.428571,104,0,0,0,0,0,0,3,340,7,11595,29200,235,1,32,0.0,0.0,0,0,0.0,0.0,0,0,DoS Hulk
80,1,2,0,0,0,0,0,0.0,0.0,0,0,0.0,0.0,0.0,2000000.0,1.0,0.0,1,1,1,1.0,0.0,1,1,0,0.0,0.0,0,0,0,0,0,0,64,0,2000000.0,0.0,0,0,0.0,0.0,0.0,0,0,0,0,1,0,0,0,0,0.0,0.0,0.0,64,0,0,0,0,0,0,2,0,0,0,274,-1,0,32,0.0,0.0,0,0,0.0,0.0,0,0,DoS Hulk
80,5,2,0,0,0,0,0,0.0,0.0,0,0,0.0,0.0,0.0,400000.0,5.0,0.0,5,5,5,5.0,0.0,5,5,0,0.0,0.0,0,0,0,0,0,0,64,0,400000.0,0.0,0,0,0.0,0.0,0.0,0,0,0,0,1,0,0,0,0,0.0,0.0,0.0,64,0,0,0,0,0,0,2,0,0,0,274,-1,0,32,0.0,0.0,0,0,0.0,0.0,0,0,DoS Hulk
80,20609,3,6,371,11595,371,0,123.6666667,214.1969499,5792,0,1932.5,2181.008184,580620.1174,436.70241160000006,2576.125,4657.478853000001,10295,4,10006,5003.0,7069.653598000001,10002,4,20552,4110.4,5514.7480270000015,10295,11,0,0,0,0,104,200,145.5674705,291.134941,0,5792,1196.6,1885.925838,3556716.267,0,0,0,1,0,0,0,0,2,1329.555556,123.6666667,1932.5,104,0,0,0,0,0,0,3,371,6,11595,29200,235,1,32,0.0,0.0,0,0,0.0,0.0,0,0,DoS Hulk
80,1,2,0,0,0,0,0,0.0,0.0,0,0,0.0,0.0,0.0,2000000.0,1.0,0.0,1,1,1,1.0,0.0,1,1,0,0.0,0.0,0,0,0,0,0,0,64,0,2000000.0,0.0,0,0,0.0,0.0,0.0,0,0,0,0,1,0,0,0,0,0.0,0.0,0.0,64,0,0,0,0,0,0,2,0,0,0,274,-1,0,32,0.0,0.0,0,0,0.0,0.0,0,0,DoS Hulk
80,9688,3,7,326,11595,326,0,108.6666667,188.2161878,5792,0,1656.428571,2118.2272350000007,1230491.329,1032.204789,1076.444444,2672.509266,8187,47,8987,4493.5,5458.157244,8353,634,9522,1587.0,3570.057983,8873,47,0,0,0,0,104,232,309.6614368000001,722.5433526,0,5792,1083.727273,1825.233469,3331477.218000001,0,0,0,1,0,0,0,0,2,1192.1,108.6666667,1656.428571,104,0,0,0,0,0,0,3,326,7,11595,29200,235,1,32,0.0,0.0,0,0,0.0,0.0,0,0,DoS Hulk
80,57772,3,4,342,11595,342,0,114.0,197.4537921,8688,0,2898.75,4095.5661700000014,206622.5853,121.1659628,9628.666667,17502.93844,44317,67,13065,6532.5,6330.7270119999985,11009,2056,57705,19235.0,22674.76721,44317,189,0,0,0,0,104,136,51.92826975,69.23769300000001,0,8688,1492.125,3076.116775,9462494.411,0,0,0,1,0,0,0,0,1,1705.285714,114.0,2898.75,104,0,0,0,0,0,0,3,342,4,11595,29200,235,1,32,0.0,0.0,0,0,0.0,0.0,0,0,DoS Hulk
80,48253,3,7,365,11595,365,0,121.6666667,210.7328483,4344,0,1656.428571,1757.579003,247860.2367,207.2410006,5361.444444,12045.19996,35735,7,11997,5998.5,8473.260559,11990,7,48193,8032.166667,14382.18622,35735,15,0,0,0,0,104,232,62.17230017,145.06870039999995,0,4344,1087.272727,1577.029999,2487023.618,0,0,0,1,0,0,0,0,2,1196.0,121.6666667,1656.428571,104,0,0,0,0,0,0,3,365,7,11595,29200,235,1,32,0.0,0.0,0,0,0.0,0.0,0,0,DoS Hulk
80,60691,3,6,356,11595,356,0,118.6666667,205.5366958,4344,0,1932.5,1977.812908,196915.5229,148.2921685,7586.375,17163.0707,49209,48,11066,5533.0,6369.6178850000015,10037,1029,60643,12128.6,21269.56441,49209,54,0,0,0,0,104,200,49.43072284,98.86144568,0,4344,1195.1,1757.8444149999998,3090016.989,0,0,0,1,0,0,0,0,2,1327.888889,118.6666667,1932.5,104,0,0,0,0,0,0,3,356,6,11595,29200,235,1,32,0.0,0.0,0,0,0.0,0.0,0,0,DoS Hulk
